,FullGeoName,FIPS Codes,County Name,State,Outbreak Date,Flock Type,Flock Size,State Count,Outbreaks,Counties,yyyy_mm,Flock_Count,Total_Flock_Size
0,"MI, Jackson",26075,Jackson,Michigan,2024-12-31,WOAH Non-Poultry,9,1,1,1,2024-12,82,17.409808801511236
1,"CA, Riverside",6065,Riverside,California,2024-12-31,Commercial Table Egg Layer; WOAH Non-Poultry; WOAH Poultry; Commercial Table Egg Pullets,1503370,1,5,1,2024-12,82,17.409808801511236
2,"CA, Butte",6007,Butte,California,2024-12-31,WOAH Non-Poultry; Commercial Raised for Release Upland Game Bird,45890,0,4,1,2024-12,82,17.409808801511236
3,"SD, Miner",46097,Miner,South Dakota,2024-12-31,WOAH Poultry,1500,1,1,1,2024-12,82,17.409808801511236
4,"MI, Ottawa",26139,Ottawa,Michigan,2024-12-31,Commercial Turkey Meat Bird,447700,0,7,1,2024-12,82,17.409808801511236
5,"SC, Spartanburg",45083,Spartanburg,South Carolina,2024-12-31,Commercial Upland Gamebird Producer,920,1,1,1,2024-12,82,17.409808801511236
6,"ID, Twin Falls",16083,Twin Falls,Idaho,2024-12-30,WOAH Non-Poultry,120,1,4,1,2024-12,82,17.409808801511236
7,"TN, Tipton",47167,Tipton,Tennessee,2024-12-30,WOAH Non-Poultry,100,1,2,1,2024-12,82,17.409808801511236
8,"MS, Copiah",28029,Copiah,Mississippi,2024-12-30,Commercial Broiler Production; WOAH Poultry,210050,1,2,1,2024-12,82,17.409808801511236
9,"NE, Johnson",31097,Johnson,Nebraska,2024-12-30,Commercial Broiler Production,209100,1,1,1,2024-12,82,17.409808801511236
10,"AR, Clay",5021,Clay,Arkansas,2024-12-30,Commercial Broiler Production,227500,1,1,1,2024-12,82,17.409808801511236
11,"SD, Edmunds",46045,Edmunds,South Dakota,2023-12-30,Commercial Upland Gamebird Producer; Commercial Turkey Meat Bird; Commercial Turkey Breeder Replacement Hens; Commercial Turkey Breeder Hens,289700,0,13,1,2023-12,44,16.75101659908424
12,"MI, Sanilac",26151,Sanilac,Michigan,2022-12-30,WOAH Non-Poultry,30,0,1,1,2022-12,45,17.00911882999563
13,"WA, Snohomish",53061,Snohomish,Washington,2022-12-30,WOAH Poultry; WOAH Non-Poultry,1169,1,10,1,2022-12,45,17.00911882999563
14,"ND, Mcintosh",38051,Mcintosh,North Dakota,2023-12-29,WOAH Non-Poultry; WOAH Poultry,260,1,3,1,2023-12,44,16.75101659908424
15,"TX, Carson",48065,Carson,Texas,2023-12-29,WOAH Non-Poultry,30,1,1,1,2023-12,44,16.75101659908424
16,"WA, Pierce",53053,Pierce,Washington,2022-12-29,WOAH Non-Poultry,770,0,7,1,2022-12,45,17.00911882999563
17,"CA, Sonoma",6097,Sonoma,California,2023-12-28,Commercial Table Egg Layer; Commercial Duck Meat Bird; WOAH Poultry; Commercial Duck Breeder; WOAH Non-Poultry; Commercial Broiler Production,1231956,0,13,1,2023-12,44,16.75101659908424
18,"MO, Audrain",29007,Audrain,Missouri,2023-12-28,WOAH Poultry,330,1,1,1,2023-12,44,16.75101659908424
19,"CA, Marin",6041,Marin,California,2023-12-28,Commercial Table Egg Pullets; Commercial Duck Meat Bird,157500,0,2,1,2023-12,44,16.75101659908424
20,"MT, Missoula",30063,Missoula,Montana,2023-12-28,WOAH Non-Poultry; WOAH Poultry,360,1,4,1,2023-12,44,16.75101659908424
21,"KS, Elk",20049,Elk,Kansas,2022-12-28,WOAH Non-Poultry,30,1,1,1,2022-12,45,17.00911882999563
22,"TN, Weakley",47183,Weakley,Tennessee,2022-12-28,Commercial Broiler Breeder; WOAH Poultry; Commercial Broiler Production,397100,0,5,1,2022-12,45,17.00911882999563
23,"MO, Pemiscot",29155,Pemiscot,Missouri,2024-12-27,WOAH Non-Poultry,70,0,1,1,2024-12,82,17.409808801511236
24,"KS, Coffey",20031,Coffey,Kansas,2024-12-27,WOAH Non-Poultry,50,0,1,1,2024-12,82,17.409808801511236
25,"MO, Cooper",29053,Cooper,Missouri,2024-12-27,Commercial Turkey Breeder Hens,27900,0,2,1,2024-12,82,17.409808801511236
26,"CA, Stanislaus",6099,Stanislaus,California,2024-12-27,Commercial Broiler Production; Commercial Table Egg Layer; Commercial Turkey Meat Bird; Commercial Duck Breeder; WOAH Poultry,2972000,0,18,1,2024-12,82,17.409808801511236
27,"KS, Anderson",20003,Anderson,Kansas,2024-12-27,WOAH Non-Poultry; Commercial Upland Gamebird Producer,8940,0,2,1,2024-12,82,17.409808801511236
28,"WI, Burnett",55013,Burnett,Wisconsin,2024-12-27,Commercial Turkey Meat Bird,18600,1,1,1,2024-12,82,17.409808801511236
29,"CA, Sacramento",6067,Sacramento,California,2024-12-27,Commercial Broiler Production; Commercial Turkey Meat Bird; WOAH Non-Poultry,360390,0,7,1,2024-12,82,17.409808801511236
30,"OH, Darke",39037,Darke,Ohio,2024-12-27,Commercial Table Egg Layer; Commercial Turkey Meat Bird; Commercial Table Egg Pullets,6538200,1,23,1,2024-12,82,17.409808801511236
31,"WY, Sheridan",56033,Sheridan,Wyoming,2024-12-27,WOAH Non-Poultry,70,1,3,1,2024-12,82,17.409808801511236
32,"MN, Todd",27153,Todd,Minnesota,2023-12-27,Commercial Turkey Meat Bird; WOAH Non-Poultry,304500,1,9,1,2023-12,44,16.75101659908424
33,"MI, Muskegon",26121,Muskegon,Michigan,2023-12-27,Commercial Turkey Meat Bird,114500,0,3,1,2023-12,44,16.75101659908424
34,"OH, Hardin",39065,Hardin,Ohio,2023-12-27,Commercial Table Egg Pullets; Commercial Table Egg Layer,3977500,0,2,1,2023-12,44,16.75101659908424
35,"OK, Garfield",40047,Garfield,Oklahoma,2023-12-27,WOAH Non-Poultry,30,1,1,1,2023-12,44,16.75101659908424
36,"PA, Northumberland",42097,Northumberland,Pennsylvania,2023-12-27,Commercial Raised for Release Upland Game Bird; WOAH Poultry,98980,1,2,1,2023-12,44,16.75101659908424
37,"KS, Phillips",20147,Phillips,Kansas,2024-12-26,WOAH Non-Poultry,70,0,2,1,2024-12,82,17.409808801511236
38,"CA, Merced",6047,Merced,California,2023-12-26,Commercial Table Egg Layer; Commercial Turkey Meat Bird; Commercial Table Egg Pullets; Commercial Duck Meat Bird; Commercial Broiler Production; Commercial Duck Breeder; WOAH Non-Poultry,8721930,0,24,1,2023-12,44,16.75101659908424
39,"CA, San Joaquin",6077,San Joaquin,California,2024-12-24,Commercial Table Egg Layer; Commercial Duck Breeder; Commercial Duck Meat Bird; Commercial Broiler Production; WOAH Non-Poultry; Commercial Turkey Meat Bird,698278,0,8,1,2024-12,82,17.409808801511236
40,"MO, Cass",29037,Cass,Missouri,2024-12-24,WOAH Non-Poultry,60,0,1,1,2024-12,82,17.409808801511236
41,"MO, Dade",29057,Dade,Missouri,2024-12-24,WOAH Non-Poultry; Commercial Turkey Meat Bird,14120,0,3,1,2024-12,82,17.409808801511236
42,"OK, Adair",40001,Adair,Oklahoma,2024-12-24,Commercial Turkey Meat Bird; WOAH Poultry; Commercial Broiler Breeder,230100,0,4,1,2024-12,82,17.409808801511236
43,"VT, Franklin",50011,Franklin,Vermont,2024-12-24,WOAH Non-Poultry,20,1,1,1,2024-12,82,17.409808801511236
44,"IL, Lawrence",17101,Lawrence,Illinois,2024-12-23,Commercial Turkey Meat Bird,40300,1,1,1,2024-12,82,17.409808801511236
45,"CA, El Dorado",6017,El Dorado,California,2024-12-23,WOAH Non-Poultry,200,0,3,1,2024-12,82,17.409808801511236
46,"CA, Glenn",6021,Glenn,California,2022-12-22,Commercial Upland Gamebird Producer,32000,0,1,1,2022-12,45,17.00911882999563
47,"NE, Dodge",31053,Dodge,Nebraska,2023-12-21,WOAH Non-Poultry,50,0,2,1,2023-12,44,16.75101659908424
48,"IL, St Clair",17163,St. Clair,Illinois,2022-12-21,WOAH Non-Poultry,60,0,1,1,2022-12,45,17.00911882999563
49,"MO, Bates",29013,Bates,Missouri,2022-12-21,WOAH Non-Poultry,80,0,2,1,2022-12,45,17.00911882999563
50,"OR, Umatilla",41059,Umatilla,Oregon,2022-12-21,WOAH Non-Poultry,110,1,3,1,2022-12,45,17.00911882999563
51,"KS, Sedgwick",20173,Sedgwick,Kansas,2024-12-20,WOAH Non-Poultry,36,0,2,1,2024-12,82,17.409808801511236
52,"MN, Chippewa",27023,Chippewa,Minnesota,2024-12-20,Commercial Turkey Meat Bird,54800,0,1,1,2024-12,82,17.409808801511236
53,"MN, Houston",27055,Houston,Minnesota,2024-12-20,WOAH Non-Poultry,60,0,1,1,2024-12,82,17.409808801511236
54,"MS, Greene",28041,Greene,Mississippi,2024-12-20,Commercial Broiler Breeder,26000,0,1,1,2024-12,82,17.409808801511236
55,"AR, Craighead",5031,Craighead,Arkansas,2024-12-20,WOAH Non-Poultry,60,0,2,1,2024-12,82,17.409808801511236
56,"IA, Mahaska",19123,Mahaska,Iowa,2023-12-20,WOAH Non-Poultry,30,1,1,1,2023-12,44,16.75101659908424
57,"OR, Benton",41003,Benton,Oregon,2023-12-20,WOAH Non-Poultry,50,0,1,1,2023-12,44,16.75101659908424
58,"SD, Charles Mix",46023,Charles Mix,South Dakota,2023-12-20,Commercial Upland Gamebird Producer; Commercial Turkey Meat Bird; WOAH Poultry,606850,0,13,1,2023-12,44,16.75101659908424
59,"ID, Gem",16045,Gem,Idaho,2022-12-20,WOAH Non-Poultry,80,0,1,1,2022-12,45,17.00911882999563
60,"CO, Weld",8123,Weld,Colorado,2022-12-20,Commercial Table Egg Layer; WOAH Non-Poultry; Commercial Table Egg Pullets; WOAH Poultry,9594490,1,16,1,2022-12,45,17.00911882999563
61,"SD, Hanson",46061,Hanson,South Dakota,2022-12-20,Commercial Turkey Meat Bird; WOAH Non-Poultry,255550,0,7,1,2022-12,45,17.00911882999563
62,"WI, Kenosha",55059,Kenosha,Wisconsin,2024-12-19,WOAH Poultry,6,0,1,1,2024-12,82,17.409808801511236
63,"OR, Deschutes",41017,Deschutes,Oregon,2024-12-19,WOAH Non-Poultry; WOAH Poultry,658,0,9,1,2024-12,82,17.409808801511236
64,"AL, Cullman",1043,Cullman,Alabama,2024-12-19,Commercial Broiler Production,116000,1,1,1,2024-12,82,17.409808801511236
65,"OH, Greene",39057,Greene,Ohio,2024-12-19,WOAH Poultry,110,0,1,1,2024-12,82,17.409808801511236
66,"AL, Pickens",1107,Pickens,Alabama,2024-12-19,WOAH Non-Poultry,50,0,1,1,2024-12,82,17.409808801511236
67,"MN, Fillmore",27045,Fillmore,Minnesota,2024-12-19,Commercial Turkey Meat Bird,28600,0,1,1,2024-12,82,17.409808801511236
68,"AR, Jackson",5067,Jackson,Arkansas,2024-12-19,WOAH Non-Poultry,230,0,1,1,2024-12,82,17.409808801511236
69,"MN, Stearns",27145,Stearns,Minnesota,2024-12-19,Commercial Turkey Meat Bird; WOAH Non-Poultry; Commercial Turkey Breeder Hens,794960,0,24,1,2024-12,82,17.409808801511236
70,"OR, Coos",41011,Coos,Oregon,2024-12-19,WOAH Non-Poultry,60,0,2,1,2024-12,82,17.409808801511236
71,"WA, King",53033,King,Washington,2023-12-19,WOAH Poultry; WOAH Non-Poultry,589,0,9,1,2023-12,44,16.75101659908424
72,"KS, Mcpherson",20113,Mcpherson,Kansas,2023-12-19,WOAH Poultry; Commercial Turkey Breeder Hens,46900,0,3,1,2023-12,44,16.75101659908424
73,"KS, Barton",20009,Barton,Kansas,2023-12-19,WOAH Non-Poultry,100,0,2,1,2023-12,44,16.75101659908424
74,"KS, Rice",20159,Rice,Kansas,2023-12-19,Commercial Table Egg Layer; WOAH Non-Poultry; Commercial Table Egg Pullets,1740100,0,4,1,2023-12,44,16.75101659908424
75,"CA, Lassen",6035,Lassen,California,2023-12-19,WOAH Non-Poultry,90,0,1,1,2023-12,44,16.75101659908424
76,"CA, Mendocino",6045,Mendocino,California,2022-12-19,WOAH Non-Poultry,20,0,1,1,2022-12,45,17.00911882999563
77,"MO, Howard",29089,Howard,Missouri,2024-12-18,WOAH Non-Poultry,60,0,1,1,2024-12,82,17.409808801511236
78,"ND, Nelson",38063,Nelson,North Dakota,2024-12-18,WOAH Non-Poultry,110,0,2,1,2024-12,82,17.409808801511236
79,"KS, Rooks",20163,Rooks,Kansas,2024-12-18,Commercial Raised for Release Upland Game Bird,5300,0,1,1,2024-12,82,17.409808801511236
80,"KS, Doniphan",20043,Doniphan,Kansas,2024-12-18,Commercial Raised for Release Upland Game Bird; WOAH Non-Poultry,5730,0,2,1,2024-12,82,17.409808801511236
81,"LA, Jefferson Davis Parish",22053,Jefferson Davis,Louisiana,2024-12-18,WOAH Non-Poultry,30,1,1,1,2024-12,82,17.409808801511236
82,"IA, O Brien",19141,O'brien,Iowa,2024-12-17,Commercial Table Egg Layer,592400,0,2,1,2024-12,82,17.409808801511236
83,"ID, Lemhi",16059,Lemhi,Idaho,2024-12-17,WOAH Non-Poultry,190,0,3,1,2024-12,82,17.409808801511236
84,"SD, Bon Homme",46009,Bon Homme,South Dakota,2024-12-17,Commercial Turkey Meat Bird; WOAH Non-Poultry,144730,0,4,1,2024-12,82,17.409808801511236
85,"NE, Lancaster",31109,Lancaster,Nebraska,2024-12-17,WOAH Poultry,290,0,1,1,2024-12,82,17.409808801511236
86,"IA, Monona",19133,Monona,Iowa,2024-12-17,WOAH Non-Poultry,30,0,1,1,2024-12,82,17.409808801511236
87,"IA, Sioux",19167,Sioux,Iowa,2024-12-17,Commercial Table Egg Layer,12108000,0,5,1,2024-12,82,17.409808801511236
88,"IA, Worth",19195,Worth,Iowa,2024-12-17,Commercial Turkey Meat Bird,19500,0,1,1,2024-12,82,17.409808801511236
89,"NE, Sarpy",31153,Sarpy,Nebraska,2024-12-16,WOAH Non-Poultry,30,0,1,1,2024-12,82,17.409808801511236
90,"FL, Duval",12031,Duval,Florida,2022-12-16,WOAH Non-Poultry,90,1,3,1,2022-12,45,17.00911882999563
91,"MT, Flathead",30029,Flathead,Montana,2022-12-16,WOAH Non-Poultry,55,0,4,1,2022-12,45,17.00911882999563
92,"ID, Latah",16057,Latah,Idaho,2023-12-15,WOAH Poultry,200,0,1,1,2023-12,44,16.75101659908424
93,"MN, Waseca",27161,Waseca,Minnesota,2023-12-15,WOAH Non-Poultry; Commercial Turkey Meat Bird,63790,0,4,1,2023-12,44,16.75101659908424
94,"OR, Polk",41053,Polk,Oregon,2022-12-15,WOAH Non-Poultry,200,0,4,1,2022-12,45,17.00911882999563
95,"LA, Bossier Parish",22015,Bossier,Louisiana,2024-12-14,WOAH Non-Poultry,40,0,1,1,2024-12,82,17.409808801511236
96,"CA, Monterey",6053,Monterey,California,2024-12-14,Commercial Duck Breeder,28800,0,2,1,2024-12,82,17.409808801511236
97,"CA, Tulare",6107,Tulare,California,2024-12-14,Commercial Duck Meat Bird; Commercial Broiler Production; Commercial Duck Breeder; WOAH Non-Poultry,1801930,0,9,1,2024-12,82,17.409808801511236
98,"OR, Clatsop",41007,Clatsop,Oregon,2023-12-14,WOAH Non-Poultry,30,0,1,1,2023-12,44,16.75101659908424
99,"AR, Scott",5127,Scott,Arkansas,2023-12-14,WOAH Non-Poultry,180,0,1,1,2023-12,44,16.75101659908424
100,"NE, Knox",31107,Knox,Nebraska,2022-12-14,WOAH Poultry; WOAH Non-Poultry; Commercial Table Egg Layer,2118170,0,3,1,2022-12,45,17.00911882999563
101,"SD, Moody",46101,Moody,South Dakota,2022-12-14,Commercial Table Egg Layer; Commercial Turkey Meat Bird,1378800,0,2,1,2022-12,45,17.00911882999563
102,"WA, Franklin",53021,Franklin,Washington,2022-12-14,Commercial Table Egg Layer,2163000,0,3,1,2022-12,45,17.00911882999563
103,"SD, Spink",46115,Spink,South Dakota,2022-12-14,WOAH Poultry; Commercial Turkey Meat Bird; WOAH Non-Poultry; Commercial Upland Gamebird Producer; Commercial Raised for Release Upland Game Bird,307310,0,12,1,2022-12,45,17.00911882999563
104,"MN, Redwood",27127,Redwood,Minnesota,2022-12-14,WOAH Non-Poultry; Commercial Turkey Meat Bird,46140,0,4,1,2022-12,45,17.00911882999563
105,"IL, Livingston",17105,Livingston,Illinois,2024-12-13,Commercial Turkey Breeder Hens,40500,0,1,1,2024-12,82,17.409808801511236
106,"WI, Barron",55005,Barron,Wisconsin,2024-12-13,Commercial Turkey Breeder Hens; Commercial Turkey Meat Bird; WOAH Non-Poultry,450950,0,10,1,2024-12,82,17.409808801511236
107,"OR, Columbia",41009,Columbia,Oregon,2022-12-13,WOAH Non-Poultry,130,0,2,1,2022-12,45,17.00911882999563
108,"IN, Daviess",18027,Daviess,Indiana,2022-12-13,Commercial Turkey Meat Bird,24500,1,2,1,2022-12,45,17.00911882999563
109,"OR, Linn",41043,Linn,Oregon,2022-12-13,WOAH Non-Poultry; Commercial Broiler Production,630850,0,4,1,2022-12,45,17.00911882999563
110,"SD, Kingsbury",46077,Kingsbury,South Dakota,2024-12-12,Commercial Turkey Meat Bird; WOAH Non-Poultry; Commercial Table Egg Layer,228290,0,7,1,2024-12,82,17.409808801511236
111,"IA, Sac",19161,Sac,Iowa,2024-12-12,Commercial Turkey Meat Bird,248200,0,6,1,2024-12,82,17.409808801511236
112,"AR, Pope",5115,Pope,Arkansas,2024-12-12,WOAH Non-Poultry,510,0,2,1,2024-12,82,17.409808801511236
113,"SD, Lake",46079,Lake,South Dakota,2023-12-12,Commercial Turkey Meat Bird; WOAH Non-Poultry,213020,0,4,1,2023-12,44,16.75101659908424
114,"AL, Etowah",1055,Etowah,Alabama,2023-12-12,WOAH Non-Poultry,80,0,1,1,2023-12,44,16.75101659908424
115,"MO, St Louis",29189,St. Louis,Missouri,2023-12-12,WOAH Non-Poultry,20,0,1,1,2023-12,44,16.75101659908424
116,"NY, Dutchess",36027,Dutchess,New York,2023-12-12,WOAH Poultry; WOAH Non-Poultry,4400,1,2,1,2023-12,44,16.75101659908424
117,"MN, Wadena",27159,Wadena,Minnesota,2022-12-12,Commercial Turkey Meat Bird,573700,0,2,1,2022-12,45,17.00911882999563
118,"IA, Cherokee",19035,Cherokee,Iowa,2022-12-12,Commercial Turkey Meat Bird,343000,0,4,1,2022-12,45,17.00911882999563
119,"IA, Buena Vista",19021,Buena Vista,Iowa,2022-12-12,Commercial Turkey Meat Bird; Commercial Table Egg Layer,5712100,0,10,1,2022-12,45,17.00911882999563
120,"IA, Ida",19093,Ida,Iowa,2022-12-12,Commercial Turkey Meat Bird,90000,0,1,1,2022-12,45,17.00911882999563
121,"IA, Palo Alto",19147,Palo Alto,Iowa,2024-12-11,Commercial Turkey Meat Bird,31100,0,1,1,2024-12,82,17.409808801511236
122,"SD, Brule",46015,Brule,South Dakota,2024-12-11,Commercial Turkey Meat Bird; WOAH Non-Poultry; Commercial Upland Gamebird Producer,151630,0,5,1,2024-12,82,17.409808801511236
123,"MN, Olmsted",27109,Olmsted,Minnesota,2023-12-11,Commercial Turkey Breeder Hens; WOAH Non-Poultry,14520,0,2,1,2023-12,44,16.75101659908424
124,"CO, La Plata",8067,La Plata,Colorado,2024-12-10,WOAH Non-Poultry; WOAH Poultry,120,0,4,1,2024-12,82,17.409808801511236
125,"MO, Cedar",29039,Cedar,Missouri,2024-12-10,WOAH Non-Poultry,20,0,1,1,2024-12,82,17.409808801511236
126,"SD, Beadle",46005,Beadle,South Dakota,2024-12-10,Commercial Turkey Meat Bird,789000,0,15,1,2024-12,82,17.409808801511236
127,"MO, Daviess",29061,Daviess,Missouri,2024-12-10,WOAH Poultry,19900,0,1,1,2024-12,82,17.409808801511236
128,"ID, Jefferson",16051,Jefferson,Idaho,2024-12-10,WOAH Non-Poultry,60,0,1,1,2024-12,82,17.409808801511236
129,"KS, Jewell",20089,Jewell,Kansas,2024-12-10,WOAH Non-Poultry,40,0,1,1,2024-12,82,17.409808801511236
130,"ID, Franklin",16041,Franklin,Idaho,2024-12-10,WOAH Non-Poultry,40,0,1,1,2024-12,82,17.409808801511236
131,"CA, Kern",6029,Kern,California,2024-12-09,WOAH Poultry; Commercial Table Egg Layer,3222900,0,3,1,2024-12,82,17.409808801511236
132,"AR, Lafayette",5073,Lafayette,Arkansas,2024-12-09,WOAH Non-Poultry,40,0,1,1,2024-12,82,17.409808801511236
133,"SD, Hutchinson",46067,Hutchinson,South Dakota,2024-12-09,Commercial Turkey Meat Bird,209400,0,5,1,2024-12,82,17.409808801511236
134,"NC, Onslow",37133,Onslow,North Carolina,2022-12-09,WOAH Non-Poultry,60,1,1,1,2022-12,45,17.00911882999563
135,"MO, Osage",29151,Osage,Missouri,2022-12-09,Commercial Turkey Meat Bird,19700,0,1,1,2022-12,45,17.00911882999563
136,"CO, Prowers",8099,Prowers,Colorado,2022-12-09,Commercial Upland Gamebird Producer,11000,0,1,1,2022-12,45,17.00911882999563
137,"OR, Clackamas",41005,Clackamas,Oregon,2022-12-09,WOAH Non-Poultry; Commercial Table Egg Layer,150070,0,3,1,2022-12,45,17.00911882999563
138,"IA, Mills",19129,Mills,Iowa,2023-12-08,WOAH Non-Poultry,10,0,1,1,2023-12,44,16.75101659908424
139,"SD, Hamlin",46057,Hamlin,South Dakota,2022-12-08,Commercial Turkey Meat Bird; WOAH Non-Poultry,164340,0,5,1,2022-12,45,17.00911882999563
140,"MN, Dodge",27039,Dodge,Minnesota,2022-12-08,Commercial Turkey Meat Bird; Commercial Breeder Operation,44100,0,3,1,2022-12,45,17.00911882999563
141,"MI, Montmorency",26119,Montmorency,Michigan,2023-12-07,WOAH Poultry,100,0,1,1,2023-12,44,16.75101659908424
142,"AR, Carroll",5015,Carroll,Arkansas,2023-12-07,Commercial Turkey Meat Bird; Commercial Broiler Production,114500,0,2,1,2023-12,44,16.75101659908424
143,"VT, Orleans",50019,Orleans,Vermont,2023-12-07,WOAH Non-Poultry,40,0,1,1,2023-12,44,16.75101659908424
144,"NE, Nemaha",31127,Nemaha,Nebraska,2024-12-06,Commercial Turkey Breeder Hens,12400,0,1,1,2024-12,82,17.409808801511236
145,"CO, Pitkin",8097,Pitkin,Colorado,2024-12-06,WOAH Non-Poultry; WOAH Poultry,80,0,2,1,2024-12,82,17.409808801511236
146,"WY, Washakie",56043,Washakie,Wyoming,2024-12-06,WOAH Non-Poultry,20,0,1,1,2024-12,82,17.409808801511236
147,"MN, Becker",27005,Becker,Minnesota,2023-12-06,Commercial Breeder Operation; Commercial Turkey Breeder Hens; Commercial Turkey Breeder Toms; WOAH Non-Poultry; Commercial Turkey Meat Bird,128540,0,7,1,2023-12,44,16.75101659908424
148,"OK, Pawnee",40117,Pawnee,Oklahoma,2022-12-06,WOAH Non-Poultry,30,0,1,1,2022-12,45,17.00911882999563
149,"MO, Harrison",29081,Harrison,Missouri,2022-12-06,WOAH Non-Poultry,30,0,1,1,2022-12,45,17.00911882999563
150,"CO, Larimer",8069,Larimer,Colorado,2022-12-06,WOAH Non-Poultry,112,0,5,1,2022-12,45,17.00911882999563
151,"TX, Denton",48121,Denton,Texas,2022-12-06,WOAH Non-Poultry,40,0,1,1,2022-12,45,17.00911882999563
152,"VT, Lamoille",50015,Lamoille,Vermont,2022-12-06,WOAH Non-Poultry,50,0,1,1,2022-12,45,17.00911882999563
153,"MN, Otter Tail",27111,Otter Tail,Minnesota,2023-12-05,Commercial Turkey Meat Bird; Commercial Breeder Operation; Commercial Turkey Breeder Hens,324500,0,12,1,2023-12,44,16.75101659908424
154,"KS, Shawnee",20177,Shawnee,Kansas,2023-12-05,WOAH Non-Poultry; WOAH Poultry,190,0,2,1,2023-12,44,16.75101659908424
155,"AL, Lawrence",1079,Lawrence,Alabama,2022-12-05,WOAH Non-Poultry,460,0,1,1,2022-12,45,17.00911882999563
156,"SD, Clark",46025,Clark,South Dakota,2022-12-05,Commercial Turkey Meat Bird; WOAH Non-Poultry; Commercial Upland Gamebird Producer,316340,0,11,1,2022-12,45,17.00911882999563
157,"SD, Mcpherson",46089,Mcpherson,South Dakota,2023-12-04,Commercial Turkey Meat Bird; Commercial Turkey Breeder Hens,564700,0,11,1,2023-12,44,16.75101659908424
158,"KS, Pottawatomie",20149,Pottawatomie,Kansas,2023-12-04,WOAH Non-Poultry,30,0,1,1,2023-12,44,16.75101659908424
159,"AR, Johnson",5071,Johnson,Arkansas,2023-12-04,Commercial Broiler Production,109000,0,1,1,2023-12,44,16.75101659908424
160,"KS, Douglas",20045,Douglas,Kansas,2024-12-03,WOAH Non-Poultry,100,0,1,1,2024-12,82,17.409808801511236
161,"UT, Utah",49049,Utah,Utah,2024-12-03,WOAH Non-Poultry,367,1,4,1,2024-12,82,17.409808801511236
162,"CA, Fresno",6019,Fresno,California,2024-12-03,Commercial Broiler Production; Commercial Duck Breeder; Commercial Turkey Meat Bird; WOAH Non-Poultry; Commercial Broiler Breeder,1699900,0,19,1,2024-12,82,17.409808801511236
163,"ND, Bottineau",38009,Bottineau,North Dakota,2024-12-02,WOAH Poultry,160,0,2,1,2024-12,82,17.409808801511236
164,"NC, Union",37179,Union,North Carolina,2022-12-02,WOAH Non-Poultry,59,0,2,1,2022-12,45,17.00911882999563
165,"IA, Woodbury",19193,Woodbury,Iowa,2023-12-01,WOAH Non-Poultry,50,0,2,1,2023-12,44,16.75101659908424
166,"MI, Bay",26017,Bay,Michigan,2023-12-01,WOAH Non-Poultry,60,0,1,1,2023-12,44,16.75101659908424
167,"ID, Canyon",16027,Canyon,Idaho,2023-12-01,WOAH Non-Poultry; WOAH Poultry,735,0,18,1,2023-12,44,16.75101659908424
168,"MO, Jackson",29095,Jackson,Missouri,2022-12-01,WOAH Non-Poultry,70,0,2,1,2022-12,45,17.00911882999563
169,"SD, Brookings",46011,Brookings,South Dakota,2022-12-01,WOAH Non-Poultry,210,0,1,1,2022-12,45,17.00911882999563
170,"AR, Arkansas",5001,Arkansas,Arkansas,2022-12-01,WOAH Non-Poultry,20,0,1,1,2022-12,45,17.00911882999563
171,"CA, San Benito",6069,San Benito,California,2023-11-30,Commercial Duck Breeder,5000,0,1,1,2023-11,47,15.811053237387407
172,"MT, Lewis And Clark",30049,Lewis And Clark,Montana,2023-11-30,WOAH Non-Poultry,6,0,1,1,2023-11,47,15.811053237387407
173,"CO, Bent",8011,Bent,Colorado,2023-11-30,WOAH Poultry,4100,0,1,1,2023-11,47,15.811053237387407
174,"SD, Minnehaha",46099,Minnehaha,South Dakota,2023-11-30,WOAH Non-Poultry,80,0,1,1,2023-11,47,15.811053237387407
175,"IL, Grundy",17063,Grundy,Illinois,2022-11-30,WOAH Poultry,8800,0,1,1,2022-11,41,16.22396920498945
176,"TN, Gibson",47053,Gibson,Tennessee,2024-11-29,Commercial Broiler Breeder,37700,0,1,1,2024-11,23,15.63838990805098
177,"MN, Meeker",27093,Meeker,Minnesota,2024-11-29,Commercial Turkey Meat Bird; Commercial Table Egg Layer,2783600,0,17,1,2024-11,23,15.63838990805098
178,"CO, Morgan",8087,Morgan,Colorado,2023-11-29,WOAH Non-Poultry,100,0,2,1,2023-11,47,15.811053237387407
179,"MN, Douglas",27041,Douglas,Minnesota,2023-11-29,Commercial Turkey Meat Bird,13500,0,1,1,2023-11,47,15.811053237387407
180,"ND, Dickey",38021,Dickey,North Dakota,2023-11-29,WOAH Poultry; Commercial Turkey Meat Bird,179660,0,5,1,2023-11,47,15.811053237387407
181,"MD, Washington",24043,Washington,Maryland,2022-11-29,Commercial Table Egg Breeder,24600,1,1,1,2022-11,41,16.22396920498945
182,"ND, Emmons",38029,Emmons,North Dakota,2023-11-28,WOAH Non-Poultry,60,0,1,1,2023-11,47,15.811053237387407
183,"NE, Colfax",31037,Colfax,Nebraska,2023-11-28,WOAH Non-Poultry,20,0,1,1,2023-11,47,15.811053237387407
184,"SD, Yankton",46135,Yankton,South Dakota,2023-11-28,Commercial Turkey Meat Bird; WOAH Non-Poultry,125150,0,3,1,2023-11,47,15.811053237387407
185,"WI, Trempealeau",55121,Trempealeau,Wisconsin,2023-11-28,Commercial Turkey Meat Bird,123500,0,3,1,2023-11,47,15.811053237387407
186,"MO, Webster",29225,Webster,Missouri,2022-11-28,Commercial Turkey Meat Bird; WOAH Poultry,24200,0,2,1,2022-11,41,16.22396920498945
187,"UT, Iron",49021,Iron,Utah,2022-11-28,WOAH Poultry,3000,0,1,1,2022-11,41,16.22396920498945
188,"OR, Union",41061,Union,Oregon,2024-11-27,WOAH Non-Poultry; WOAH Poultry,540,0,4,1,2024-11,23,15.63838990805098
189,"UT, Sanpete",49039,Sanpete,Utah,2024-11-27,Commercial Turkey Meat Bird,895200,0,21,1,2024-11,23,15.63838990805098
190,"ND, Ransom",38073,Ransom,North Dakota,2024-11-27,Commercial Turkey Meat Bird,128600,0,2,1,2024-11,23,15.63838990805098
191,"SD, Faulk",46049,Faulk,South Dakota,2024-11-27,Commercial Turkey Meat Bird,203600,0,4,1,2024-11,23,15.63838990805098
192,"MN, Brown",27015,Brown,Minnesota,2023-11-27,Commercial Turkey Breeder Hens; WOAH Non-Poultry; Commercial Turkey Meat Bird,100920,0,5,1,2023-11,47,15.811053237387407
193,"AK, Matanuska-Susitna Borough",2170,Matanuska Susitna,Alaska,2024-11-26,WOAH Non-Poultry; WOAH Poultry,1350,1,10,1,2024-11,23,15.63838990805098
194,"NC, Durham",37063,Durham,North Carolina,2022-11-25,WOAH Non-Poultry,30,0,1,1,2022-11,41,16.22396920498945
195,"SD, Turner",46125,Turner,South Dakota,2022-11-25,WOAH Non-Poultry,210,0,1,1,2022-11,41,16.22396920498945
196,"NE, Dixon",31051,Dixon,Nebraska,2022-11-25,Commercial Table Egg Layer,3446900,0,2,1,2022-11,41,16.22396920498945
197,"MN, Freeborn",27047,Freeborn,Minnesota,2023-11-24,WOAH Non-Poultry,328,0,2,1,2023-11,47,15.811053237387407
198,"MN, Kandiyohi",27067,Kandiyohi,Minnesota,2023-11-24,Commercial Turkey Breeder Hens; Commercial Breeder Operation; Commercial Turkey Meat Bird; Commercial Turkey Breeder Toms,415000,0,15,1,2023-11,47,15.811053237387407
199,"TN, Davidson",47037,Davidson,Tennessee,2022-11-23,WOAH Non-Poultry,10,0,1,1,2022-11,41,16.22396920498945
200,"FL, Broward",12011,Broward,Florida,2022-11-23,WOAH Non-Poultry; WOAH Poultry,515,0,7,1,2022-11,41,16.22396920498945
201,"ND, Mchenry",38049,Mchenry,North Dakota,2024-11-22,WOAH Poultry,110,0,2,1,2024-11,23,15.63838990805098
202,"AZ, Maricopa",4013,Maricopa,Arizona,2024-11-21,WOAH Non-Poultry,490,1,1,1,2024-11,23,15.63838990805098
203,"OK, Roger Mills",40129,Roger Mills,Oklahoma,2024-11-21,WOAH Non-Poultry,0,0,1,1,2024-11,23,15.63838990805098
204,"CA, Madera",6039,Madera,California,2024-11-21,WOAH Non-Poultry; Commercial Duck Meat Bird,18600,0,2,1,2024-11,23,15.63838990805098
205,"UT, Salt Lake",49035,Salt Lake,Utah,2024-11-21,WOAH Non-Poultry,150,0,4,1,2024-11,23,15.63838990805098
206,"UT, Piute",49031,Piute,Utah,2024-11-21,Commercial Turkey Meat Bird,108000,0,3,1,2024-11,23,15.63838990805098
207,"MD, Caroline",24011,Caroline,Maryland,2023-11-21,Commercial Broiler Production,529600,0,3,1,2023-11,47,15.811053237387407
208,"TX, Grimes",48185,Grimes,Texas,2023-11-21,WOAH Non-Poultry,60,0,1,1,2023-11,47,15.811053237387407
209,"OH, Union",39159,Union,Ohio,2023-11-21,Commercial Table Egg Layer,1348900,0,1,1,2023-11,47,15.811053237387407
210,"GA, Sumter",13261,Sumter,Georgia,2023-11-21,Commercial Raised for Release Waterfowl,30000,1,1,1,2023-11,47,15.811053237387407
211,"MN, Big Stone",27011,Big Stone,Minnesota,2023-11-21,Commercial Turkey Meat Bird,128000,0,2,1,2023-11,47,15.811053237387407
212,"ME, Washington",23029,Washington,Maine,2022-11-21,WOAH Non-Poultry,110,1,2,1,2022-11,41,16.22396920498945
213,"NM, San Juan",35045,San Juan,New Mexico,2023-11-20,WOAH Non-Poultry,20,1,1,1,2023-11,47,15.811053237387407
214,"SD, Walworth",46129,Walworth,South Dakota,2023-11-20,WOAH Non-Poultry,0,0,1,1,2023-11,47,15.811053237387407
215,"SD, Day",46037,Day,South Dakota,2023-11-20,WOAH Poultry,140,0,2,1,2023-11,47,15.811053237387407
216,"MN, Swift",27151,Swift,Minnesota,2023-11-20,Commercial Turkey Meat Bird; WOAH Non-Poultry,642520,0,9,1,2023-11,47,15.811053237387407
217,"WI, Taylor",55119,Taylor,Wisconsin,2023-11-20,WOAH Non-Poultry,8,0,1,1,2023-11,47,15.811053237387407
218,"IL, Henry",17073,Henry,Illinois,2024-11-19,WOAH Poultry,5600,0,1,1,2024-11,23,15.63838990805098
219,"WA, Whatcom",53073,Whatcom,Washington,2024-11-19,WOAH Non-Poultry,120,0,2,1,2024-11,23,15.63838990805098
220,"MN, Martin",27091,Martin,Minnesota,2024-11-18,WOAH Non-Poultry,70,0,2,1,2024-11,23,15.63838990805098
221,"HI, Honolulu",15003,Honolulu,Hawaii,2024-11-18,WOAH Non-Poultry,79,1,2,1,2024-11,23,15.63838990805098
222,"SD, Fall River",46047,Fall River,South Dakota,2023-11-17,WOAH Non-Poultry,80,0,1,1,2023-11,47,15.811053237387407
223,"PA, Berks",42011,Berks,Pennsylvania,2022-11-17,WOAH Non-Poultry; Commercial Duck Meat Bird; Commercial Duck Breeder; Commercial Table Egg Layer; Commercial Table Egg Breeder,369740,0,11,1,2022-11,41,16.22396920498945
224,"IA, Benton",19011,Benton,Iowa,2023-11-16,WOAH Non-Poultry,90,0,1,1,2023-11,47,15.811053237387407
225,"OR, Marion",41047,Marion,Oregon,2023-11-16,Commercial Broiler Production; WOAH Non-Poultry,123505,0,2,1,2023-11,47,15.811053237387407
226,"FL, Hillsborough",12057,Hillsborough,Florida,2022-11-16,WOAH Non-Poultry; Live Bird Market,1650,0,6,1,2022-11,41,16.22396920498945
227,"FL, Seminole",12117,Seminole,Florida,2022-11-16,WOAH Poultry; WOAH Non-Poultry,260,0,2,1,2022-11,41,16.22396920498945
228,"ND, La Moure",38045,Lamoure,North Dakota,2023-11-15,Commercial Turkey Meat Bird; WOAH Non-Poultry,103410,0,4,1,2023-11,47,15.811053237387407
229,"MI, Cass",26027,Cass,Michigan,2023-11-15,WOAH Non-Poultry,20,0,1,1,2023-11,47,15.811053237387407
230,"TN, Bledsoe",47007,Bledsoe,Tennessee,2022-11-15,Commercial Broiler Breeder,20900,0,1,1,2022-11,41,16.22396920498945
231,"CA, Kings",6031,Kings,California,2024-11-14,Commercial Broiler Production; WOAH Non-Poultry,859808,0,6,1,2024-11,23,15.63838990805098
232,"IA, Taylor",19173,Taylor,Iowa,2023-11-14,Commercial Table Egg Layer,2037000,0,2,1,2023-11,47,15.811053237387407
233,"IA, Kossuth",19109,Kossuth,Iowa,2023-11-14,WOAH Poultry; WOAH Non-Poultry,21204,0,3,1,2023-11,47,15.811053237387407
234,"IA, Cerro Gordo",19033,Cerro Gordo,Iowa,2023-11-14,WOAH Non-Poultry,80,0,1,1,2023-11,47,15.811053237387407
235,"MO, Jasper",29097,Jasper,Missouri,2023-11-14,Commercial Turkey Meat Bird,188500,0,5,1,2023-11,47,15.811053237387407
236,"TX, Ellis",48139,Ellis,Texas,2023-11-14,WOAH Non-Poultry,50,0,1,1,2023-11,47,15.811053237387407
237,"IA, Jones",19105,Jones,Iowa,2023-11-14,WOAH Non-Poultry,20,0,1,1,2023-11,47,15.811053237387407
238,"MS, Lowndes",28087,Lowndes,Mississippi,2022-11-14,WOAH Non-Poultry,8,0,1,1,2022-11,41,16.22396920498945
239,"OR, Malheur",41045,Malheur,Oregon,2024-11-13,WOAH Non-Poultry,8,0,1,1,2024-11,23,15.63838990805098
240,"AZ, Pinal",4021,Pinal,Arizona,2024-11-13,Commercial Table Egg Layer; WOAH Non-Poultry,1145800,0,3,1,2024-11,23,15.63838990805098
241,"CO, Montrose",8085,Montrose,Colorado,2023-11-13,WOAH Non-Poultry; Commercial Broiler Breeder,58050,0,2,1,2023-11,47,15.811053237387407
242,"ID, Bonneville",16019,Bonneville,Idaho,2023-11-13,WOAH Non-Poultry,90,0,2,1,2023-11,47,15.811053237387407
243,"NY, Queens",36081,Queens,New York,2022-11-12,Live Bird Market,3430,0,6,1,2022-11,41,16.22396920498945
244,"PA, Lehigh",42077,Lehigh,Pennsylvania,2022-11-10,Commercial Turkey Breeder Toms; Commercial Turkey Meat Bird; Commercial Turkey Breeder Hens; WOAH Poultry,134560,0,7,1,2022-11,41,16.22396920498945
245,"ND, Mountrail",38061,Mountrail,North Dakota,2022-11-10,WOAH Non-Poultry,40,0,1,1,2022-11,41,16.22396920498945
246,"MI, Lapeer",26087,Lapeer,Michigan,2022-11-10,WOAH Poultry,2080,0,4,1,2022-11,41,16.22396920498945
247,"ND, Ward",38101,Ward,North Dakota,2022-11-10,WOAH Poultry,80,0,2,1,2022-11,41,16.22396920498945
248,"MT, Wheatland",30107,Wheatland,Montana,2023-11-09,WOAH Poultry,4500,0,1,1,2023-11,47,15.811053237387407
249,"SD, Roberts",46109,Roberts,South Dakota,2023-11-09,Commercial Turkey Meat Bird; Commercial Breeder Operation,54800,0,2,1,2023-11,47,15.811053237387407
250,"MT, Sweet Grass",30097,Sweet Grass,Montana,2023-11-09,WOAH Non-Poultry,3,0,1,1,2023-11,47,15.811053237387407
251,"MN, Steele",27147,Steele,Minnesota,2023-11-09,Commercial Turkey Meat Bird,46900,0,1,1,2023-11,47,15.811053237387407
252,"IA, Louisa",19115,Louisa,Iowa,2022-11-08,WOAH Non-Poultry,20,0,1,1,2022-11,41,16.22396920498945
253,"WY, Converse",56009,Converse,Wyoming,2022-11-07,WOAH Non-Poultry,20,0,1,1,2022-11,41,16.22396920498945
254,"OH, Butler",39017,Butler,Ohio,2022-11-07,WOAH Poultry,150,0,1,1,2022-11,41,16.22396920498945
255,"VA, Gloucester",51073,Gloucester,Virginia,2022-11-07,WOAH Non-Poultry,80,1,1,1,2022-11,41,16.22396920498945
256,"WI, Jefferson",55055,Jefferson,Wisconsin,2022-11-07,Commercial Upland Gamebird Producer; Commercial Table Egg Layer,2938600,0,2,1,2022-11,41,16.22396920498945
257,"IA, Clay",19041,Clay,Iowa,2023-11-06,WOAH Poultry,17700,0,3,1,2023-11,47,15.811053237387407
258,"IA, Hamilton",19079,Hamilton,Iowa,2023-11-06,Commercial Breeder (Multiple Bird Species); Commercial Turkey Poult Supplier; Commercial Turkey Meat Bird,48900,0,3,1,2023-11,47,15.811053237387407
259,"MO, Benton",29015,Benton,Missouri,2023-11-06,Commercial Broiler Breeder,16600,0,1,1,2023-11,47,15.811053237387407
260,"IA, Wright",19197,Wright,Iowa,2022-11-06,Commercial Table Egg Layer,2122800,0,2,1,2022-11,41,16.22396920498945
261,"MS, Lawrence",28077,Lawrence,Mississippi,2022-11-04,Commercial Broiler Breeder,34400,0,1,1,2022-11,41,16.22396920498945
262,"PA, Dauphin",42043,Dauphin,Pennsylvania,2022-11-04,WOAH Non-Poultry; Commercial Table Egg Layer,1975430,0,2,1,2022-11,41,16.22396920498945
263,"NY, Sullivan",36105,Sullivan,New York,2022-11-04,WOAH Non-Poultry,140,0,1,1,2022-11,41,16.22396920498945
264,"MN, Wright",27171,Wright,Minnesota,2023-11-03,Commercial Table Egg Layer,940000,0,1,1,2023-11,47,15.811053237387407
265,"CA, San Diego",6073,San Diego,California,2022-11-03,WOAH Poultry,150,0,1,1,2022-11,41,16.22396920498945
266,"AZ, Yavapai",4025,Yavapai,Arizona,2022-11-03,WOAH Non-Poultry,80,0,2,1,2022-11,41,16.22396920498945
267,"OR, Yamhill",41071,Yamhill,Oregon,2022-11-03,WOAH Poultry,150,0,1,1,2022-11,41,16.22396920498945
268,"SC, Beaufort",45013,Beaufort,South Carolina,2022-11-03,WOAH Non-Poultry,170,0,1,1,2022-11,41,16.22396920498945
269,"MA, Middlesex",25017,Middlesex,Massachusetts,2022-11-03,WOAH Non-Poultry,20,1,1,1,2022-11,41,16.22396920498945
270,"WI, Marathon",55073,Marathon,Wisconsin,2022-11-03,WOAH Non-Poultry,30,0,1,1,2022-11,41,16.22396920498945
271,"OK, Grady",40051,Grady,Oklahoma,2023-11-02,WOAH Non-Poultry,120,0,1,1,2023-11,47,15.811053237387407
272,"AL, Marshall",1095,Marshall,Alabama,2023-11-02,Commercial Broiler Breeder Pullets,47900,0,1,1,2023-11,47,15.811053237387407
273,"PA, Allegheny",42003,Allegheny,Pennsylvania,2022-11-02,WOAH Non-Poultry,40,0,2,1,2022-11,41,16.22396920498945
274,"WI, Waukesha",55133,Waukesha,Wisconsin,2022-11-02,WOAH Non-Poultry,10,0,1,1,2022-11,41,16.22396920498945
275,"NJ, Bergen",34003,Bergen,New Jersey,2022-11-02,WOAH Non-Poultry,60,1,1,1,2022-11,41,16.22396920498945
276,"WA, Stevens",53065,Stevens,Washington,2024-11-01,WOAH Non-Poultry,130,0,1,1,2024-11,23,15.63838990805098
277,"OR, Jackson",41029,Jackson,Oregon,2024-11-01,WOAH Non-Poultry,60,0,1,1,2024-11,23,15.63838990805098
278,"WA, Okanogan",53047,Okanogan,Washington,2024-11-01,WOAH Non-Poultry,40,0,2,1,2024-11,23,15.63838990805098
279,"NY, Wayne",36117,Wayne,New York,2022-11-01,WOAH Non-Poultry,10,0,1,1,2022-11,41,16.22396920498945
280,"SD, Gregory",46053,Gregory,South Dakota,2022-11-01,Commercial Upland Gamebird Producer; WOAH Non-Poultry,3290,0,3,1,2022-11,41,16.22396920498945
281,"MT, Granite",30039,Granite,Montana,2022-11-01,WOAH Poultry,40,0,1,1,2022-11,41,16.22396920498945
282,"TN, Lincoln",47103,Lincoln,Tennessee,2023-10-31,WOAH Non-Poultry,100,0,1,1,2023-10,15,14.604323764098837
283,"AR, Madison",5087,Madison,Arkansas,2023-10-31,Commercial Broiler Breeder Pullets,87600,0,2,1,2023-10,15,14.604323764098837
284,"OK, Wagoner",40145,Wagoner,Oklahoma,2023-10-31,WOAH Non-Poultry,50,0,1,1,2023-10,15,14.604323764098837
285,"PA, Venango",42121,Venango,Pennsylvania,2024-10-30,WOAH Non-Poultry,20,0,1,1,2024-10,6,15.028384429987987
286,"WA, Kittitas",53037,Kittitas,Washington,2023-10-27,WOAH Poultry,70,0,1,1,2023-10,15,14.604323764098837
287,"AL, Chilton",1021,Chilton,Alabama,2023-10-27,Commercial Upland Gamebird Producer,306500,0,1,1,2023-10,15,14.604323764098837
288,"MN, Le Sueur",27079,Le Sueur,Minnesota,2022-10-27,Commercial Turkey Meat Bird; WOAH Non-Poultry,77600,0,4,1,2022-10,47,12.676635493384032
289,"FL, Pasco",12101,Pasco,Florida,2022-10-26,WOAH Non-Poultry,40,0,1,1,2022-10,47,12.676635493384032
290,"OR, Crook",41013,Crook,Oregon,2024-10-25,WOAH Non-Poultry,180,0,1,1,2024-10,6,15.028384429987987
291,"WA, Lewis",53041,Lewis,Washington,2024-10-25,WOAH Non-Poultry,60,0,1,1,2024-10,6,15.028384429987987
292,"MN, Pine",27115,Pine,Minnesota,2023-10-25,WOAH Non-Poultry,30,0,1,1,2023-10,15,14.604323764098837
293,"FL, Indian River",12061,Indian River,Florida,2022-10-25,WOAH Poultry; WOAH Non-Poultry,440,0,4,1,2022-10,47,12.676635493384032
294,"FL, Lake",12069,Lake,Florida,2022-10-25,WOAH Non-Poultry,9,0,1,1,2022-10,47,12.676635493384032
295,"FL, Martin",12085,Martin,Florida,2022-10-25,WOAH Non-Poultry,80,0,2,1,2022-10,47,12.676635493384032
296,"SD, Grant",46051,Grant,South Dakota,2022-10-25,WOAH Non-Poultry,50,0,1,1,2022-10,47,12.676635493384032
297,"MN, Blue Earth",27013,Blue Earth,Minnesota,2023-10-24,Commercial Turkey Meat Bird,72500,0,4,1,2023-10,15,14.604323764098837
298,"IA, Guthrie",19077,Guthrie,Iowa,2023-10-24,WOAH Non-Poultry; Commercial Table Egg Layer,1460050,0,2,1,2023-10,15,14.604323764098837
299,"IA, Pocahontas",19151,Pocahontas,Iowa,2023-10-24,Commercial Turkey Meat Bird,50000,0,1,1,2023-10,15,14.604323764098837
300,"VA, Southampton",51175,Southampton,Virginia,2022-10-22,WOAH Non-Poultry,170,0,1,1,2022-10,47,12.676635493384032
301,"NJ, Ocean",34029,Ocean,New Jersey,2022-10-22,WOAH Non-Poultry,90,0,1,1,2022-10,47,12.676635493384032
302,"NC, Wake",37183,Wake,North Carolina,2022-10-21,WOAH Non-Poultry,170,0,1,1,2022-10,47,12.676635493384032
303,"MN, Itasca",27061,Itasca,Minnesota,2022-10-21,WOAH Non-Poultry,40,0,1,1,2022-10,47,12.676635493384032
304,"OK, Cleveland",40027,Cleveland,Oklahoma,2022-10-21,WOAH Non-Poultry,30,0,1,1,2022-10,47,12.676635493384032
305,"FL, Okeechobee",12093,Okeechobee,Florida,2022-10-20,WOAH Non-Poultry,2,0,1,1,2022-10,47,12.676635493384032
306,"OK, Creek",40037,Creek,Oklahoma,2022-10-20,WOAH Non-Poultry,50,0,1,1,2022-10,47,12.676635493384032
307,"IA, Dallas",19049,Dallas,Iowa,2022-10-20,WOAH Non-Poultry,50,0,1,1,2022-10,47,12.676635493384032
308,"CO, Jefferson",8059,Jefferson,Colorado,2022-10-20,WOAH Poultry; WOAH Non-Poultry,60,0,2,1,2022-10,47,12.676635493384032
309,"MT, Hill",30041,Hill,Montana,2022-10-20,WOAH Non-Poultry,60,0,1,1,2022-10,47,12.676635493384032
310,"VA, Virginia Beach City",51810,Virginia Beach City,Virginia,2022-10-20,WOAH Non-Poultry,220,0,2,1,2022-10,47,12.676635493384032
311,"ID, Valley",16085,Valley,Idaho,2022-10-20,WOAH Non-Poultry,20,0,1,1,2022-10,47,12.676635493384032
312,"RI, Newport",44005,Newport,Rhode Island,2022-10-20,WOAH Non-Poultry,60,1,1,1,2022-10,47,12.676635493384032
313,"MT, Park",30067,Park,Montana,2023-10-19,WOAH Non-Poultry,3,0,1,1,2023-10,15,14.604323764098837
314,"TX, Rockwall",48397,Rockwall,Texas,2022-10-19,WOAH Non-Poultry,50,0,1,1,2022-10,47,12.676635493384032
315,"NE, York",31185,York,Nebraska,2022-10-18,Commercial Upland Gamebird Producer,174400,0,2,1,2022-10,47,12.676635493384032
316,"ND, Traill",38097,Traill,North Dakota,2022-10-18,WOAH Non-Poultry,90,0,1,1,2022-10,47,12.676635493384032
317,"FL, Osceola",12097,Osceola,Florida,2022-10-18,WOAH Non-Poultry,30,0,2,1,2022-10,47,12.676635493384032
318,"FL, St Lucie",12111,St. Lucie,Florida,2022-10-18,WOAH Non-Poultry,6,0,1,1,2022-10,47,12.676635493384032
319,"WA, Kitsap",53035,Kitsap,Washington,2024-10-17,WOAH Non-Poultry,76,0,3,1,2024-10,6,15.028384429987987
320,"PA, Adams",42001,Adams,Pennsylvania,2022-10-17,Commercial Turkey Meat Bird; WOAH Poultry; WOAH Non-Poultry,17930,0,3,1,2022-10,47,12.676635493384032
321,"NV, Nye",32023,Nye,Nevada,2022-10-17,WOAH Poultry,1600,1,1,1,2022-10,47,12.676635493384032
322,"OK, Carter",40019,Carter,Oklahoma,2023-10-16,WOAH Non-Poultry,80,0,1,1,2023-10,15,14.604323764098837
323,"UT, Cache",49005,Cache,Utah,2024-10-15,Commercial Table Egg Layer; WOAH Non-Poultry,3354440,0,4,1,2024-10,6,15.028384429987987
324,"OK, Tulsa",40143,Tulsa,Oklahoma,2022-10-14,WOAH Non-Poultry,30,0,1,1,2022-10,47,12.676635493384032
325,"ND, Golden Valley",38033,Golden Valley,North Dakota,2023-10-13,WOAH Non-Poultry,90,0,1,1,2023-10,15,14.604323764098837
326,"WI, St Croix",55109,Saint Croix,Wisconsin,2022-10-13,WOAH Non-Poultry,20,0,1,1,2022-10,47,12.676635493384032
327,"NJ, Warren",34041,Warren,New Jersey,2022-10-13,WOAH Non-Poultry,6,0,1,1,2022-10,47,12.676635493384032
328,"ND, Williams",38105,Williams,North Dakota,2023-10-12,WOAH Non-Poultry,10,0,1,1,2023-10,15,14.604323764098837
329,"MI, Genesee",26049,Genesee,Michigan,2022-10-12,WOAH Non-Poultry,20,0,1,1,2022-10,47,12.676635493384032
330,"WY, Fremont",56013,Fremont,Wyoming,2022-10-12,WOAH Non-Poultry,80,0,2,1,2022-10,47,12.676635493384032
331,"KY, Logan",21141,Logan,Kentucky,2022-10-11,WOAH Non-Poultry,190,1,1,1,2022-10,47,12.676635493384032
332,"MT, Glacier",30035,Glacier,Montana,2023-10-10,WOAH Poultry; WOAH Non-Poultry,132400,0,3,1,2023-10,15,14.604323764098837
333,"FL, Miami-Dade",12086,Miami-dade,Florida,2024-10-07,Live Bird Sales  (non-slaughter); WOAH Poultry; Live Bird Market,8360,0,8,1,2024-10,6,15.028384429987987
334,"MN, Pope",27121,Pope,Minnesota,2022-10-07,WOAH Non-Poultry,30,0,1,1,2022-10,47,12.676635493384032
335,"KS, Johnson",20091,Johnson,Kansas,2022-10-07,WOAH Poultry,6,0,1,1,2022-10,47,12.676635493384032
336,"KS, Neosho",20133,Neosho,Kansas,2022-10-07,WOAH Poultry,2000,0,1,1,2022-10,47,12.676635493384032
337,"CO, Boulder",8013,Boulder,Colorado,2022-10-07,WOAH Poultry,600,0,1,1,2022-10,47,12.676635493384032
338,"VA, Hampton City",51650,Hampton City,Virginia,2022-10-06,WOAH Non-Poultry,40,0,1,1,2022-10,47,12.676635493384032
339,"KY, Fayette",21067,Fayette,Kentucky,2022-10-06,WOAH Poultry,150,0,1,1,2022-10,47,12.676635493384032
340,"PA, Monroe",42089,Monroe,Pennsylvania,2022-10-05,WOAH Non-Poultry,70,0,2,1,2022-10,47,12.676635493384032
341,"CT, New Haven",9009,New Haven,Connecticut,2022-10-05,WOAH Non-Poultry,80,1,2,1,2022-10,47,12.676635493384032
342,"SD, Jerauld",46073,Jerauld,South Dakota,2023-10-04,Commercial Turkey Meat Bird,91300,0,2,1,2023-10,15,14.604323764098837
343,"PA, Westmoreland",42129,Westmoreland,Pennsylvania,2022-10-04,WOAH Non-Poultry,160,0,1,1,2022-10,47,12.676635493384032
344,"NE, Box Butte",31013,Box Butte,Nebraska,2022-10-04,WOAH Non-Poultry,100,0,1,1,2022-10,47,12.676635493384032
345,"CA, Del Norte",6015,Del Norte,California,2022-10-04,WOAH Poultry,43000,0,1,1,2022-10,47,12.676635493384032
346,"NM, Bernalillo",35001,Bernalillo,New Mexico,2022-10-04,WOAH Non-Poultry,40,0,1,1,2022-10,47,12.676635493384032
347,"OH, Portage",39133,Portage,Ohio,2022-10-03,WOAH Non-Poultry,50,0,1,1,2022-10,47,12.676635493384032
348,"MI, Tuscola",26157,Tuscola,Michigan,2022-10-03,WOAH Poultry,140,0,1,1,2022-10,47,12.676635493384032
349,"CA, Calaveras",6009,Calaveras,California,2022-10-03,WOAH Non-Poultry,20,0,1,1,2022-10,47,12.676635493384032
350,"OR, Douglas",41019,Douglas,Oregon,2022-09-30,WOAH Non-Poultry,30,0,2,1,2022-09,33,16.113081300087913
351,"PA, Lancaster",42071,Lancaster,Pennsylvania,2022-09-29,WOAH Non-Poultry; Commercial Table Egg Layer; Commercial Duck Meat Bird; Commercial Broiler Breeder Pullets; Commercial Broiler Production; WOAH Poultry; Commercial Turkey Meat Bird; Commercial Duck Breeder,4252200,0,37,1,2022-09,33,16.113081300087913
352,"CO, Mesa",8077,Mesa,Colorado,2022-09-29,WOAH Non-Poultry,40,0,1,1,2022-09,33,16.113081300087913
353,"WI, Dunn",55033,Dunn,Wisconsin,2022-09-29,Commercial Turkey Meat Bird; WOAH Non-Poultry,79650,0,2,1,2022-09,33,16.113081300087913
354,"PA, York",42133,York,Pennsylvania,2022-09-29,Commercial Turkey Meat Bird,25900,0,1,1,2022-09,33,16.113081300087913
355,"WI, Racine",55101,Racine,Wisconsin,2022-09-28,Commercial Duck Meat Bird; WOAH Poultry,10220,0,2,1,2022-09,33,16.113081300087913
356,"OR, Tillamook",41057,Tillamook,Oregon,2022-09-28,WOAH Non-Poultry,50,0,2,1,2022-09,33,16.113081300087913
357,"ID, Lincoln",16063,Lincoln,Idaho,2024-09-27,WOAH Poultry,700,0,1,1,2024-09,2,8.412054873292933
358,"MN, Goodhue",27049,Goodhue,Minnesota,2022-09-27,WOAH Non-Poultry,80,0,1,1,2022-09,33,16.113081300087913
359,"DE, Kent",10001,Kent,Delaware,2022-09-24,WOAH Non-Poultry; Commercial Broiler Production,613440,1,6,1,2022-09,33,16.113081300087913
360,"TX, Dallas",48113,Dallas,Texas,2022-09-24,WOAH Non-Poultry,60,0,1,1,2022-09,33,16.113081300087913
361,"NH, Merrimack",33013,Merrimack,New Hampshire,2022-09-23,WOAH Poultry,250,1,1,1,2022-09,33,16.113081300087913
362,"MD, Anne Arundel",24003,Anne Arundel,Maryland,2022-09-22,WOAH Non-Poultry,4,0,1,1,2022-09,33,16.113081300087913
363,"ID, Gooding",16047,Gooding,Idaho,2022-09-21,Commercial Upland Gamebird Producer; WOAH Non-Poultry; WOAH Poultry,9100,0,3,1,2022-09,33,16.113081300087913
364,"MN, Roseau",27135,Roseau,Minnesota,2022-09-21,Commercial Turkey Meat Bird,116000,0,1,1,2022-09,33,16.113081300087913
365,"PA, Washington",42125,Washington,Pennsylvania,2022-09-20,WOAH Poultry,1800,0,1,1,2022-09,33,16.113081300087913
366,"MI, Macomb",26099,Macomb,Michigan,2022-09-19,WOAH Non-Poultry,150,0,3,1,2022-09,33,16.113081300087913
367,"NE, Dawes",31045,Dawes,Nebraska,2022-09-19,WOAH Non-Poultry,40,0,1,1,2022-09,33,16.113081300087913
368,"FL, Orange",12095,Orange,Florida,2024-09-18,Live Bird Market; WOAH Non-Poultry,3801,0,3,1,2024-09,2,8.412054873292933
369,"NJ, Union",34039,Union,New Jersey,2023-09-15,Live Bird Market,520,0,1,1,2023-09,1,6.253828811575473
370,"OH, Summit",39153,Summit,Ohio,2022-09-15,WOAH Non-Poultry,6,0,1,1,2022-09,33,16.113081300087913
371,"MT, Teton",30099,Teton,Montana,2022-09-15,WOAH Poultry,2800,0,1,1,2022-09,33,16.113081300087913
372,"TN, Obion",47131,Obion,Tennessee,2022-09-15,WOAH Poultry,130,0,1,1,2022-09,33,16.113081300087913
373,"MA, Bristol",25005,Bristol,Massachusetts,2022-09-15,WOAH Non-Poultry,50,0,1,1,2022-09,33,16.113081300087913
374,"OH, Williams",39171,Williams,Ohio,2022-09-14,WOAH Non-Poultry,60,0,1,1,2022-09,33,16.113081300087913
375,"OH, Allen",39003,Allen,Ohio,2022-09-14,WOAH Non-Poultry,2,0,1,1,2022-09,33,16.113081300087913
376,"MN, Isanti",27059,Isanti,Minnesota,2022-09-14,WOAH Non-Poultry,4,0,1,1,2022-09,33,16.113081300087913
377,"MI, Ingham",26065,Ingham,Michigan,2022-09-13,WOAH Poultry,20,0,1,1,2022-09,33,16.113081300087913
378,"MN, Morrison",27097,Morrison,Minnesota,2022-09-07,Commercial Turkey Meat Bird; WOAH Non-Poultry; Commercial Table Egg Layer; Commercial Broiler Production,779650,0,14,1,2022-09,33,16.113081300087913
379,"OH, Ashland",39005,Ashland,Ohio,2022-09-03,WOAH Non-Poultry,640,0,1,1,2022-09,33,16.113081300087913
380,"OH, Defiance",39039,Defiance,Ohio,2022-09-03,Commercial Table Egg Layer,3748500,0,1,1,2022-09,33,16.113081300087913
381,"WI, Washington",55131,Washington,Wisconsin,2022-09-02,WOAH Poultry,120,0,1,1,2022-09,33,16.113081300087913
382,"CA, Tuolumne",6109,Tuolumne,California,2022-09-01,Commercial Turkey Meat Bird,290900,0,4,1,2022-09,33,16.113081300087913
383,"MN, Hennepin",27053,Hennepin,Minnesota,2022-09-01,WOAH Non-Poultry,10,0,1,1,2022-09,33,16.113081300087913
384,"IN, Elkhart",18039,Elkhart,Indiana,2022-09-01,WOAH Poultry; Commercial Duck Meat Bird; Commercial Duck Breeder,17960,0,4,1,2022-09,33,16.113081300087913
385,"ND, Cass",38017,Cass,North Dakota,2022-09-01,WOAH Non-Poultry,116,0,2,1,2022-09,33,16.113081300087913
386,"VA, Caroline",51033,Caroline,Virginia,2022-08-29,WOAH Non-Poultry,110,0,1,1,2022-08,8,5.996452088619021
387,"WA, Cowlitz",53015,Cowlitz,Washington,2022-08-26,WOAH Non-Poultry,20,0,1,1,2022-08,8,5.996452088619021
388,"UT, Weber",49057,Weber,Utah,2022-08-24,WOAH Non-Poultry,20,0,1,1,2022-08,8,5.996452088619021
389,"CA, Contra Costa",6013,Contra Costa,California,2022-08-23,WOAH Non-Poultry,60,0,1,1,2022-08,8,5.996452088619021
390,"GA, Henry",13151,Henry,Georgia,2022-08-22,WOAH Non-Poultry,80,0,1,1,2022-08,8,5.996452088619021
391,"WA, Walla Walla",53071,Walla Walla,Washington,2022-08-18,WOAH Non-Poultry,2,0,1,1,2022-08,8,5.996452088619021
392,"PA, Northampton",42095,Northampton,Pennsylvania,2022-08-11,WOAH Poultry,90,0,1,1,2022-08,8,5.996452088619021
393,"NY, Kings",36047,Kings,New York,2023-08-03,Live Bird Market,3260,0,5,1,2023-08,1,8.089482474360754
394,"AK, Bethel Ca",2050,Bethel,Alaska,2022-08-02,WOAH Non-Poultry,20,0,1,1,2022-08,8,5.996452088619021
395,"WA, Jefferson",53031,Jefferson,Washington,2022-07-26,WOAH Non-Poultry,100,0,2,1,2022-07,2,4.941642422609304
396,"FL, Hendry",12051,Hendry,Florida,2024-07-24,WOAH Non-Poultry,5,0,1,1,2024-07,2,11.427422041356287
397,"MN, Renville",27129,Renville,Minnesota,2024-07-09,Commercial Turkey Breeder Hens; Commercial Turkey Meat Bird,91800,0,2,1,2024-07,2,11.427422041356287
398,"NV, Carson City",32510,Carson City,Nevada,2022-07-07,WOAH Non-Poultry,40,0,1,1,2022-07,2,4.941642422609304
399,"WA, Yakima",53077,Yakima,Washington,2022-06-29,WOAH Non-Poultry,196,0,4,1,2022-06,4,10.216215833592425
400,"ME, Cumberland",23005,Cumberland,Maine,2022-06-29,WOAH Non-Poultry; WOAH Poultry,350,0,3,1,2022-06,4,10.216215833592425
401,"MN, Pipestone",27117,Pipestone,Minnesota,2024-06-18,Commercial Turkey Meat Bird,70800,0,1,1,2024-06,3,12.549094813015119
402,"MN, Lyon",27083,Lyon,Minnesota,2024-06-12,Commercial Turkey Meat Bird,209800,0,2,1,2024-06,3,12.549094813015119
403,"ID, Jerome",16053,Jerome,Idaho,2024-06-10,WOAH Non-Poultry; WOAH Poultry,1240,0,5,1,2024-06,3,12.549094813015119
404,"IN, Allen",18003,Allen,Indiana,2022-06-09,WOAH Non-Poultry; WOAH Poultry,26307,0,5,1,2022-06,4,10.216215833592425
405,"GA, Toombs",13279,Toombs,Georgia,2022-06-01,WOAH Non-Poultry,490,0,1,1,2022-06,4,10.216215833592425
406,"SC, Richland",45079,Richland,South Carolina,2024-05-31,WOAH Non-Poultry,30,0,1,1,2024-05,5,15.695625777884318
407,"ID, Ada",16001,Ada,Idaho,2022-05-24,WOAH Non-Poultry; WOAH Poultry,316,0,11,1,2022-05,30,12.150908711979664
408,"WI, Bayfield",55007,Bayfield,Wisconsin,2022-05-23,WOAH Non-Poultry,40,0,1,1,2022-05,30,12.150908711979664
409,"MN, Dakota",27037,Dakota,Minnesota,2022-05-21,Commercial Turkey Meat Bird,134300,0,2,1,2022-05,30,12.150908711979664
410,"WY, Campbell",56005,Campbell,Wyoming,2022-05-20,WOAH Non-Poultry,30,0,1,1,2022-05,30,12.150908711979664
411,"MN, Polk",27119,Polk,Minnesota,2022-05-20,WOAH Non-Poultry,50,0,1,1,2022-05,30,12.150908711979664
412,"SD, Codington",46029,Codington,South Dakota,2022-05-20,WOAH Poultry,220,0,2,1,2022-05,30,12.150908711979664
413,"MO, Phelps",29161,Phelps,Missouri,2023-05-18,WOAH Non-Poultry,80,0,1,1,2023-05,4,5.44673737166631
414,"NC, Rowan",37159,Rowan,North Carolina,2023-05-18,WOAH Non-Poultry,32,0,2,1,2023-05,4,5.44673737166631
415,"MN, Clay",27027,Clay,Minnesota,2022-05-18,WOAH Non-Poultry,100,0,2,1,2022-05,30,12.150908711979664
416,"OR, Lane",41039,Lane,Oregon,2022-05-17,WOAH Poultry,450,0,1,1,2022-05,30,12.150908711979664
417,"NJ, Monmouth",34025,Monmouth,New Jersey,2022-05-17,WOAH Poultry,60,0,1,1,2022-05,30,12.150908711979664
418,"WA, Thurston",53067,Thurston,Washington,2022-05-17,WOAH Non-Poultry,530,0,2,1,2022-05,30,12.150908711979664
419,"IL, Boone",17007,Boone,Illinois,2022-05-17,WOAH Non-Poultry,20,0,1,1,2022-05,30,12.150908711979664
420,"ND, Burke",38013,Burke,North Dakota,2022-05-17,WOAH Non-Poultry,50,0,1,1,2022-05,30,12.150908711979664
421,"WY, Lincoln",56023,Lincoln,Wyoming,2022-05-13,WOAH Non-Poultry,40,0,1,1,2022-05,30,12.150908711979664
422,"WI, Marinette",55075,Marinette,Wisconsin,2022-05-13,WOAH Non-Poultry,90,0,1,1,2022-05,30,12.150908711979664
423,"MN, Grant",27051,Grant,Minnesota,2022-05-12,WOAH Non-Poultry,310,0,1,1,2022-05,30,12.150908711979664
424,"MN, Chisago",27025,Chisago,Minnesota,2022-05-12,WOAH Non-Poultry; WOAH Poultry,320,0,5,1,2022-05,30,12.150908711979664
425,"MN, Nobles",27105,Nobles,Minnesota,2023-05-11,WOAH Non-Poultry,100,0,1,1,2023-05,4,5.44673737166631
426,"WA, Clallam",53009,Clallam,Washington,2022-05-11,WOAH Non-Poultry,20,0,2,1,2022-05,30,12.150908711979664
427,"MI, Ionia",26067,Ionia,Michigan,2024-05-10,WOAH Non-Poultry; Commercial Table Egg Layer,6498790,0,4,1,2024-05,5,15.695625777884318
428,"MN, Crow Wing",27035,Crow Wing,Minnesota,2022-05-10,WOAH Poultry; WOAH Non-Poultry,310,0,2,1,2022-05,30,12.150908711979664
429,"CA, San Francisco",6075,San Francisco,California,2024-05-09,Live Bird Market,700,0,1,1,2024-05,5,15.695625777884318
430,"WA, Spokane",53063,Spokane,Washington,2022-05-07,WOAH Non-Poultry,80,0,1,1,2022-05,30,12.150908711979664
431,"ID, Cassia",16031,Cassia,Idaho,2024-05-06,WOAH Non-Poultry,640,0,2,1,2024-05,5,15.695625777884318
432,"MN, Anoka",27003,Anoka,Minnesota,2022-05-06,WOAH Non-Poultry,10,0,1,1,2022-05,30,12.150908711979664
433,"MI, Oakland",26125,Oakland,Michigan,2022-05-06,WOAH Non-Poultry,150,0,2,1,2022-05,30,12.150908711979664
434,"MT, Fergus",30027,Fergus,Montana,2022-05-06,WOAH Non-Poultry,130,0,2,1,2022-05,30,12.150908711979664
435,"IN, Posey",18129,Posey,Indiana,2023-05-05,WOAH Non-Poultry,20,0,1,1,2023-05,4,5.44673737166631
436,"WA, Pacific",53049,Pacific,Washington,2022-05-05,WOAH Poultry,40,0,1,1,2022-05,30,12.150908711979664
437,"WI, Pierce",55093,Pierce,Wisconsin,2022-05-05,WOAH Non-Poultry,30,0,1,1,2022-05,30,12.150908711979664
438,"MN, Carver",27019,Carver,Minnesota,2022-05-04,WOAH Non-Poultry,50,0,2,1,2022-05,30,12.150908711979664
439,"IA, Bremer",19017,Bremer,Iowa,2022-05-04,WOAH Non-Poultry; Commercial Turkey Meat Bird,29250,0,2,1,2022-05,30,12.150908711979664
440,"WI, Sauk",55111,Sauk,Wisconsin,2022-05-03,WOAH Non-Poultry,40,0,1,1,2022-05,30,12.150908711979664
441,"IL, Kane",17089,Kane,Illinois,2022-05-03,WOAH Non-Poultry,50,0,1,1,2022-05,30,12.150908711979664
442,"WI, Polk",55095,Polk,Wisconsin,2022-05-03,WOAH Non-Poultry; Commercial Turkey Meat Bird,22160,0,3,1,2022-05,30,12.150908711979664
443,"WI, Fond Du Lac",55039,Fond Du Lac,Wisconsin,2022-05-03,WOAH Non-Poultry,20,0,1,1,2022-05,30,12.150908711979664
444,"MI, Gratiot",26057,Gratiot,Michigan,2024-05-02,Commercial Turkey Meat Bird,54100,0,2,1,2024-05,5,15.695625777884318
445,"FL, Clay",12019,Clay,Florida,2024-04-30,WOAH Non-Poultry,20,0,1,1,2024-04,5,14.561354547524187
446,"MI, Branch",26023,Branch,Michigan,2022-04-30,WOAH Non-Poultry,20,0,1,1,2022-04,41,13.668673898692134
447,"OK, Sequoyah",40135,Sequoyah,Oklahoma,2022-04-30,Commercial Broiler Breeder,13800,0,1,1,2022-04,41,13.668673898692134
448,"WI, Oconto",55083,Oconto,Wisconsin,2022-04-29,WOAH Non-Poultry,220,0,1,1,2022-04,41,13.668673898692134
449,"MT, Gallatin",30031,Gallatin,Montana,2022-04-29,WOAH Non-Poultry,20,0,1,1,2022-04,41,13.668673898692134
450,"NE, Washington",31177,Washington,Nebraska,2022-04-29,WOAH Non-Poultry,50,0,1,1,2022-04,41,13.668673898692134
451,"MT, Pondera",30073,Pondera,Montana,2022-04-29,WOAH Non-Poultry,2000,0,1,1,2022-04,41,13.668673898692134
452,"IN, Johnson",18081,Johnson,Indiana,2022-04-28,WOAH Non-Poultry,40,0,1,1,2022-04,41,13.668673898692134
453,"VT, Caledonia",50005,Caledonia,Vermont,2022-04-28,WOAH Non-Poultry,30,0,1,1,2022-04,41,13.668673898692134
454,"MI, Wexford",26165,Wexford,Michigan,2022-04-28,WOAH Poultry,70,0,1,1,2022-04,41,13.668673898692134
455,"KS, Republic",20157,Republic,Kansas,2022-04-27,WOAH Poultry,110,0,1,1,2022-04,41,13.668673898692134
456,"MI, Saginaw",26145,Saginaw,Michigan,2022-04-27,WOAH Non-Poultry,80,0,1,1,2022-04,41,13.668673898692134
457,"ND, Richland",38077,Richland,North Dakota,2022-04-26,WOAH Poultry; Commercial Turkey Meat Bird,27520,0,2,1,2022-04,41,13.668673898692134
458,"MN, Rice",27131,Rice,Minnesota,2022-04-25,WOAH Non-Poultry,90,0,1,1,2022-04,41,13.668673898692134
459,"MI, Menominee",26109,Menominee,Michigan,2022-04-25,WOAH Non-Poultry; WOAH Poultry,490,0,4,1,2022-04,41,13.668673898692134
460,"CO, Routt",8107,Routt,Colorado,2023-04-24,WOAH Non-Poultry,20,0,1,1,2023-04,8,11.122545994280104
461,"MN, Yellow Medicine",27173,Yellow Medicine,Minnesota,2022-04-22,Commercial Turkey Meat Bird,94300,0,2,1,2022-04,41,13.668673898692134
462,"ND, Renville",38075,Renville,North Dakota,2022-04-21,WOAH Non-Poultry,70,0,1,1,2022-04,41,13.668673898692134
463,"ID, Madison",16065,Madison,Idaho,2022-04-20,WOAH Poultry,200,0,1,1,2022-04,41,13.668673898692134
464,"ND, Stutsman",38093,Stutsman,North Dakota,2022-04-19,WOAH Poultry,60,0,2,1,2022-04,41,13.668673898692134
465,"MI, Newaygo",26123,Newaygo,Michigan,2024-04-17,Commercial Turkey Meat Bird,67200,0,1,1,2024-04,5,14.561354547524187
466,"NM, Roosevelt",35041,Roosevelt,New Mexico,2024-04-17,Commercial Breeder (Multiple Bird Species),129200,0,3,1,2024-04,5,14.561354547524187
467,"CO, Moffat",8081,Moffat,Colorado,2023-04-17,WOAH Non-Poultry,120,0,2,1,2023-04,8,11.122545994280104
468,"NY, Putnam",36079,Putnam,New York,2023-04-17,WOAH Poultry; WOAH Non-Poultry,370,0,3,1,2023-04,8,11.122545994280104
469,"MI, Livingston",26093,Livingston,Michigan,2022-04-15,WOAH Non-Poultry,20,0,1,1,2022-04,41,13.668673898692134
470,"NE, Sheridan",31161,Sheridan,Nebraska,2023-04-14,WOAH Non-Poultry,10,0,1,1,2023-04,8,11.122545994280104
471,"MT, Rosebud",30087,Rosebud,Montana,2023-04-14,WOAH Non-Poultry,0,0,1,1,2023-04,8,11.122545994280104
472,"ID, Caribou",16029,Caribou,Idaho,2022-04-14,WOAH Non-Poultry,7,0,1,1,2022-04,41,13.668673898692134
473,"WI, Sheboygan",55117,Sheboygan,Wisconsin,2022-04-14,WOAH Non-Poultry,20,0,1,1,2022-04,41,13.668673898692134
474,"WI, Columbia",55021,Columbia,Wisconsin,2022-04-14,WOAH Non-Poultry,70,0,1,1,2022-04,41,13.668673898692134
475,"MN, Benton",27009,Benton,Minnesota,2022-04-13,WOAH Non-Poultry,137,0,2,1,2022-04,41,13.668673898692134
476,"SD, Deuel",46039,Deuel,South Dakota,2022-04-13,Commercial Upland Gamebird Producer,1400,0,1,1,2022-04,41,13.668673898692134
477,"ND, Barnes",38003,Barnes,North Dakota,2022-04-13,WOAH Poultry,90,0,1,1,2022-04,41,13.668673898692134
478,"CO, Pueblo",8101,Pueblo,Colorado,2023-04-12,WOAH Non-Poultry,30,0,1,1,2023-04,8,11.122545994280104
479,"CA, Modoc",6049,Modoc,California,2023-04-12,WOAH Non-Poultry,60,0,1,1,2023-04,8,11.122545994280104
480,"MT, Toole",30101,Toole,Montana,2022-04-12,WOAH Non-Poultry,20,0,1,1,2022-04,41,13.668673898692134
481,"NC, Wayne",37191,Wayne,North Carolina,2022-04-12,Commercial Broiler Production; Commercial Turkey Meat Bird,420900,0,6,1,2022-04,41,13.668673898692134
482,"ND, Sheridan",38083,Sheridan,North Dakota,2022-04-12,WOAH Non-Poultry,30,0,1,1,2022-04,41,13.668673898692134
483,"KS, Grant",20067,Grant,Kansas,2024-04-10,WOAH Poultry,17700,0,1,1,2024-04,5,14.561354547524187
484,"KS, Mitchell",20123,Mitchell,Kansas,2023-04-10,WOAH Non-Poultry; Commercial Upland Gamebird Producer; WOAH Poultry; Commercial Raised for Release Upland Game Bird,67070,0,9,1,2023-04,8,11.122545994280104
485,"MT, Cascade",30013,Cascade,Montana,2022-04-07,WOAH Poultry; WOAH Non-Poultry,22060,0,3,1,2022-04,41,13.668673898692134
486,"MT, Judith Basin",30045,Judith Basin,Montana,2022-04-07,WOAH Non-Poultry,20,0,1,1,2022-04,41,13.668673898692134
487,"WY, Park",56029,Park,Wyoming,2022-04-06,WOAH Non-Poultry,150,0,3,1,2022-04,41,13.668673898692134
488,"NY, Fulton",36035,Fulton,New York,2022-04-06,WOAH Non-Poultry,4,0,1,1,2022-04,41,13.668673898692134
489,"NY, Orleans",36073,Orleans,New York,2022-04-05,WOAH Poultry,30,0,1,1,2022-04,41,13.668673898692134
490,"MO, Lawrence",29109,Lawrence,Missouri,2022-04-05,Commercial Turkey Meat Bird; Commercial Turkey Breeder Replacement Hens; Commercial Turkey Breeder Hens,155700,0,6,1,2022-04,41,13.668673898692134
491,"IA, Hardin",19083,Hardin,Iowa,2022-04-05,Commercial Turkey Meat Bird,46000,0,1,1,2022-04,41,13.668673898692134
492,"ME, Waldo",23027,Waldo,Maine,2022-04-05,WOAH Non-Poultry,50,0,1,1,2022-04,41,13.668673898692134
493,"NE, Scotts Bluff",31157,Scotts Bluff,Nebraska,2022-04-05,WOAH Non-Poultry,37,0,2,1,2022-04,41,13.668673898692134
494,"TX, Erath",48143,Erath,Texas,2022-04-03,Commercial Upland Gamebird Producer,1700,0,1,1,2022-04,41,13.668673898692134
495,"TX, Parmer",48369,Parmer,Texas,2024-04-02,Commercial Table Egg Layer,1894100,0,1,1,2024-04,5,14.561354547524187
496,"NC, Johnston",37101,Johnston,North Carolina,2022-04-02,Commercial Turkey Meat Bird,60500,0,3,1,2022-04,41,13.668673898692134
497,"IA, Humboldt",19091,Humboldt,Iowa,2022-04-02,Commercial Table Egg Breeder,15300,0,1,1,2022-04,41,13.668673898692134
498,"WI, Rock",55105,Rock,Wisconsin,2022-04-01,WOAH Non-Poultry,20,0,1,1,2022-04,41,13.668673898692134
499,"IA, Osceola",19143,Osceola,Iowa,2022-03-31,Commercial Table Egg Layer,5011700,0,1,1,2022-03,31,16.11691885880997
500,"IL, Carroll",17015,Carroll,Illinois,2022-03-31,WOAH Non-Poultry,40,0,1,1,2022-03,31,16.11691885880997
501,"ME, Lincoln",23015,Lincoln,Maine,2022-03-30,WOAH Non-Poultry,133,0,3,1,2022-03,31,16.11691885880997
502,"ME, Knox",23013,Knox,Maine,2022-03-29,WOAH Non-Poultry,230,0,5,1,2022-03,31,16.11691885880997
503,"NY, Monroe",36055,Monroe,New York,2022-03-29,WOAH Poultry; WOAH Non-Poultry,420,0,2,1,2022-03,31,16.11691885880997
504,"ND, Kidder",38043,Kidder,North Dakota,2022-03-29,WOAH Poultry,30,0,1,1,2022-03,31,16.11691885880997
505,"MA, Berkshire",25003,Berkshire,Massachusetts,2022-03-29,WOAH Non-Poultry,260,0,1,1,2022-03,31,16.11691885880997
506,"MN, Lac Qui Parle",27073,Lac Qui Parle,Minnesota,2022-03-29,Commercial Turkey Meat Bird,22500,0,1,1,2022-03,31,16.11691885880997
507,"OH, Franklin",39049,Franklin,Ohio,2022-03-29,WOAH Non-Poultry,18,0,2,1,2022-03,31,16.11691885880997
508,"WY, Johnson",56019,Johnson,Wyoming,2022-03-29,WOAH Non-Poultry,40,0,1,1,2022-03,31,16.11691885880997
509,"NC, Guilford",37081,Guilford,North Carolina,2024-03-28,WOAH Non-Poultry,80,0,1,1,2024-03,4,6.214608098422191
510,"CO, Yuma",8125,Yuma,Colorado,2023-03-28,WOAH Poultry,310,0,1,1,2023-03,17,11.196267620281874
511,"MO, Gentry",29075,Gentry,Missouri,2022-03-26,WOAH Non-Poultry,140,0,1,1,2022-03,31,16.11691885880997
512,"NE, Holt",31089,Holt,Nebraska,2022-03-26,WOAH Non-Poultry,50,0,1,1,2022-03,31,16.11691885880997
513,"MN, Mower",27099,Mower,Minnesota,2022-03-26,WOAH Non-Poultry,20,0,1,1,2022-03,31,16.11691885880997
514,"IA, Franklin",19069,Franklin,Iowa,2022-03-25,Commercial Table Egg Pullets,250200,0,1,1,2022-03,31,16.11691885880997
515,"NY, Suffolk",36103,Suffolk,New York,2022-03-25,WOAH Poultry; Commercial Upland Gamebird Producer; WOAH Non-Poultry; Commercial Duck Meat Bird,109808,0,5,1,2022-03,31,16.11691885880997
516,"KS, Ellsworth",20053,Ellsworth,Kansas,2023-03-24,WOAH Non-Poultry,50,0,1,1,2023-03,17,11.196267620281874
517,"CO, Arapahoe",8005,Arapahoe,Colorado,2023-03-24,WOAH Non-Poultry,30,0,2,1,2023-03,17,11.196267620281874
518,"NE, Butler",31023,Butler,Nebraska,2022-03-24,Commercial Broiler Production,988500,0,2,1,2022-03,31,16.11691885880997
519,"NY, Tompkins",36109,Tompkins,New York,2023-03-22,WOAH Poultry,6500,0,1,1,2023-03,17,11.196267620281874
520,"TX, Hale",48189,Hale,Texas,2023-03-22,WOAH Non-Poultry,20,0,1,1,2023-03,17,11.196267620281874
521,"OR, Klamath",41035,Klamath,Oregon,2023-03-22,WOAH Non-Poultry,48,0,3,1,2023-03,17,11.196267620281874
522,"NY, Washington",36115,Washington,New York,2023-03-21,WOAH Non-Poultry,50,0,1,1,2023-03,17,11.196267620281874
523,"TX, Deaf Smith",48117,Deaf Smith,Texas,2024-03-20,WOAH Non-Poultry,50,0,1,1,2024-03,4,6.214608098422191
524,"IA, Warren",19181,Warren,Iowa,2022-03-20,WOAH Non-Poultry,10,0,1,1,2022-03,31,16.11691885880997
525,"ME, York",23031,York,Maine,2022-03-19,WOAH Non-Poultry,310,0,3,1,2022-03,31,16.11691885880997
526,"KS, Dickinson",20041,Dickinson,Kansas,2022-03-18,WOAH Poultry,250,0,1,1,2022-03,31,16.11691885880997
527,"MD, Cecil",24015,Cecil,Maryland,2022-03-18,Commercial Table Egg Pullets; Commercial Table Egg Layer,1622800,0,3,1,2022-03,31,16.11691885880997
528,"PA, Chester",42029,Chester,Pennsylvania,2023-03-16,Commercial Turkey Meat Bird; WOAH Poultry,27300,0,4,1,2023-03,17,11.196267620281874
529,"MO, Maries",29125,Maries,Missouri,2023-03-16,WOAH Non-Poultry,10,0,1,1,2023-03,17,11.196267620281874
530,"MS, Monroe",28095,Monroe,Mississippi,2023-03-16,WOAH Non-Poultry,30,0,1,1,2023-03,17,11.196267620281874
531,"NH, Rockingham",33015,Rockingham,New Hampshire,2022-03-16,WOAH Non-Poultry,150,0,1,1,2022-03,31,16.11691885880997
532,"PA, Mifflin",42087,Mifflin,Pennsylvania,2023-03-15,WOAH Non-Poultry,60,0,1,1,2023-03,17,11.196267620281874
533,"IA, Chickasaw",19037,Chickasaw,Iowa,2023-03-15,WOAH Non-Poultry,50,0,1,1,2023-03,17,11.196267620281874
534,"NE, Merrick",31121,Merrick,Nebraska,2022-03-15,WOAH Non-Poultry,90,0,1,1,2022-03,31,16.11691885880997
535,"MO, Ralls",29173,Ralls,Missouri,2022-03-15,WOAH Non-Poultry,100,0,1,1,2022-03,31,16.11691885880997
536,"MI, Eaton",26045,Eaton,Michigan,2023-03-14,WOAH Non-Poultry,20,0,1,1,2023-03,17,11.196267620281874
537,"TX, Moore",48341,Moore,Texas,2024-03-11,WOAH Non-Poultry,280,0,1,1,2024-03,4,6.214608098422191
538,"KS, Franklin",20059,Franklin,Kansas,2022-03-11,WOAH Poultry,260,0,1,1,2022-03,31,16.11691885880997
539,"IL, Mclean",17113,Mclean,Illinois,2022-03-11,WOAH Non-Poultry,40,0,1,1,2022-03,31,16.11691885880997
540,"MD, Queen Annes",24035,Queen Anne's,Maryland,2022-03-08,Commercial Broiler Production,286200,0,2,1,2022-03,31,16.11691885880997
541,"DE, New Castle",10003,New Castle,Delaware,2022-03-08,Commercial Table Egg Pullets; Commercial Table Egg Layer,1290800,0,2,1,2022-03,31,16.11691885880997
542,"MA, Essex",25009,Essex,Massachusetts,2024-03-07,WOAH Poultry; WOAH Non-Poultry,90,0,2,1,2024-03,4,6.214608098422191
543,"VA, Rockingham",51165,Rockingham,Virginia,2023-03-07,WOAH Non-Poultry; Commercial Turkey Meat Bird,36650,0,3,1,2023-03,17,11.196267620281874
544,"PA, Bucks",42017,Bucks,Pennsylvania,2023-03-06,WOAH Poultry,1700,0,1,1,2023-03,17,11.196267620281874
545,"ID, Bingham",16011,Bingham,Idaho,2023-03-06,WOAH Non-Poultry,10,0,1,1,2023-03,17,11.196267620281874
546,"MO, Stoddard",29207,Stoddard,Missouri,2022-03-04,Commercial Broiler Production,294800,0,1,1,2022-03,31,16.11691885880997
547,"NV, Douglas",32005,Douglas,Nevada,2023-03-03,WOAH Non-Poultry,20,0,1,1,2023-03,17,11.196267620281874
548,"IN, Dubois",18037,Dubois,Indiana,2022-03-02,Commercial Turkey Meat Bird,108100,0,4,1,2022-03,31,16.11691885880997
549,"CT, New London",9011,New London,Connecticut,2022-03-01,WOAH Non-Poultry,200,0,3,1,2022-03,31,16.11691885880997
550,"IA, Pottawattamie",19155,Pottawattamie,Iowa,2022-03-01,WOAH Non-Poultry,40,0,1,1,2022-03,31,16.11691885880997
551,"OH, Mahoning",39099,Mahoning,Ohio,2024-02-27,WOAH Non-Poultry,140,0,1,1,2024-02,13,12.659626084278639
552,"MN, Stevens",27149,Stevens,Minnesota,2024-02-27,WOAH Non-Poultry,20,0,1,1,2024-02,13,12.659626084278639
553,"IL, Wayne",17191,Wayne,Illinois,2023-02-24,Commercial Turkey Meat Bird,18200,0,1,1,2023-02,11,11.606315620889639
554,"NY, Ulster",36111,Ulster,New York,2022-02-24,WOAH Non-Poultry,130,0,2,1,2022-02,6,12.761536970914545
555,"MO, Dallas",29059,Dallas,Missouri,2024-02-23,WOAH Poultry; Commercial Turkey Meat Bird,92100,0,4,1,2024-02,13,12.659626084278639
556,"NY, Onondaga",36067,Onondaga,New York,2024-02-23,WOAH Non-Poultry,10,0,1,1,2024-02,13,12.659626084278639
557,"VA, Alexandria City",51510,Alexandria City,Virginia,2023-02-23,Live Bird Market,800,0,1,1,2023-02,11,11.606315620889639
558,"MI, Kalamazoo",26077,Kalamazoo,Michigan,2022-02-23,WOAH Non-Poultry,30,0,1,1,2022-02,6,12.761536970914545
559,"IN, Greene",18055,Greene,Indiana,2022-02-23,Commercial Turkey Meat Bird,63600,0,2,1,2022-02,6,12.761536970914545
560,"MD, Charles",24017,Charles,Maryland,2024-02-22,WOAH Non-Poultry,30,0,1,1,2024-02,13,12.659626084278639
561,"NE, Lincoln",31111,Lincoln,Nebraska,2023-02-21,WOAH Poultry,420,0,1,1,2023-02,11,11.606315620889639
562,"PA, Butler",42019,Butler,Pennsylvania,2025-02-20,WOAH Non-Poultry,310,0,1,1,2025-02,23,16.490522627639685
563,"PA, Luzerne",42079,Luzerne,Pennsylvania,2025-02-20,WOAH Non-Poultry,90,0,1,1,2025-02,23,16.490522627639685
564,"NC, Duplin",37061,Duplin,North Carolina,2024-02-20,Commercial Turkey Meat Bird,20900,0,1,1,2024-02,13,12.659626084278639
565,"AZ, Graham",4009,Graham,Arizona,2025-02-19,WOAH Non-Poultry,350,0,1,1,2025-02,23,16.490522627639685
566,"OH, Mercer",39107,Mercer,Ohio,2025-02-18,Commercial Turkey Meat Bird; Commercial Table Egg Layer; Commercial Table Egg Pullets; Commercial Duck Meat Bird,5859400,0,42,1,2025-02,23,16.490522627639685
567,"OH, Stark",39151,Stark,Ohio,2025-02-18,WOAH Non-Poultry,30,0,1,1,2025-02,23,16.490522627639685
568,"NV, Churchill",32001,Churchill,Nevada,2025-02-18,WOAH Non-Poultry,20,0,1,1,2025-02,23,16.490522627639685
569,"PA, Tioga",42117,Tioga,Pennsylvania,2023-02-17,WOAH Non-Poultry,50,0,1,1,2023-02,11,11.606315620889639
570,"WV, Kanawha",54039,Kanawha,West Virginia,2024-02-16,WOAH Non-Poultry,250,1,1,1,2024-02,13,12.659626084278639
571,"NY, Columbia",36021,Columbia,New York,2023-02-15,WOAH Poultry,250,0,1,1,2023-02,11,11.606315620889639
572,"KY, Webster",21233,Webster,Kentucky,2022-02-15,Commercial Turkey Meat Bird,53300,0,1,1,2022-02,6,12.761536970914545
573,"IN, Jay",18075,Jay,Indiana,2025-02-14,Commercial Table Egg Layer; Commercial Turkey Meat Bird,3983800,0,6,1,2025-02,23,16.490522627639685
574,"IN, Washington",18175,Washington,Indiana,2025-02-14,Commercial Turkey Meat Bird,14100,0,1,1,2025-02,23,16.490522627639685
575,"IN, Randolph",18135,Randolph,Indiana,2025-02-14,WOAH Non-Poultry,70,0,1,1,2025-02,23,16.490522627639685
576,"WA, Benton",53005,Benton,Washington,2023-02-14,WOAH Non-Poultry,60,0,1,1,2023-02,11,11.606315620889639
577,"MI, Monroe",26115,Monroe,Michigan,2025-02-13,WOAH Non-Poultry,30,0,1,1,2025-02,23,16.490522627639685
578,"OH, Auglaize",39011,Auglaize,Ohio,2025-02-13,Commercial Table Egg Layer; Commercial Turkey Meat Bird,221600,0,2,1,2025-02,23,16.490522627639685
579,"DE, Sussex",10005,Sussex,Delaware,2025-02-13,WOAH Non-Poultry,30,0,1,1,2025-02,23,16.490522627639685
580,"MO, Carroll",29033,Carroll,Missouri,2023-02-13,WOAH Non-Poultry,9,0,1,1,2023-02,11,11.606315620889639
581,"WY, Platte",56031,Platte,Wyoming,2025-02-12,WOAH Non-Poultry,0,0,1,1,2025-02,23,16.490522627639685
582,"PA, Schuylkill",42107,Schuylkill,Pennsylvania,2024-02-12,WOAH Non-Poultry,30,0,1,1,2024-02,13,12.659626084278639
583,"KY, Fulton",21075,Fulton,Kentucky,2022-02-12,Commercial Broiler Production,231400,0,1,1,2022-02,6,12.761536970914545
584,"VA, Fauquier",51061,Fauquier,Virginia,2022-02-12,WOAH Non-Poultry,90,0,1,1,2022-02,6,12.761536970914545
585,"NY, Madison",36053,Madison,New York,2025-02-11,WOAH Non-Poultry,20,0,1,1,2025-02,23,16.490522627639685
586,"PA, Cumberland",42041,Cumberland,Pennsylvania,2025-02-11,Commercial Duck Meat Bird; Commercial Broiler Production,46400,0,2,1,2025-02,23,16.490522627639685
587,"WA, Mason",53045,Mason,Washington,2025-02-10,WOAH Non-Poultry,7,0,1,1,2025-02,23,16.490522627639685
588,"NC, Lenoir",37107,Lenoir,North Carolina,2024-02-09,Commercial Turkey Meat Bird,32400,0,1,1,2024-02,13,12.659626084278639
589,"CO, Delta",8029,Delta,Colorado,2024-02-08,Commercial Broiler Breeder,66500,0,1,1,2024-02,13,12.659626084278639
590,"ID, Owyhee",16073,Owyhee,Idaho,2024-02-08,WOAH Non-Poultry,39,0,2,1,2024-02,13,12.659626084278639
591,"LA, Calcasieu Parish",22019,Calcasieu,Louisiana,2025-02-07,WOAH Non-Poultry,10,0,1,1,2025-02,23,16.490522627639685
592,"PA, Lebanon",42075,Lebanon,Pennsylvania,2025-02-07,Commercial Broiler Production; Commercial Table Egg Layer,138600,0,2,1,2025-02,23,16.490522627639685
593,"MS, Leake",28079,Leake,Mississippi,2023-02-07,Commercial Broiler Production,89800,0,1,1,2023-02,11,11.606315620889639
594,"MO, Newton",29145,Newton,Missouri,2025-02-06,Commercial Broiler Production; Commercial Turkey Meat Bird; Commercial Table Egg Layer,4045900,0,9,1,2025-02,23,16.490522627639685
595,"NY, Bronx",36005,Bronx,New York,2025-02-06,Live Bird Market,100,0,2,1,2025-02,23,16.490522627639685
596,"NE, Gage",31067,Gage,Nebraska,2024-02-06,Commercial Broiler Production,102000,0,1,1,2024-02,13,12.659626084278639
597,"PA, Wayne",42127,Wayne,Pennsylvania,2024-02-06,WOAH Non-Poultry,360,0,1,1,2024-02,13,12.659626084278639
598,"CA, Placer",6061,Placer,California,2023-02-06,WOAH Non-Poultry,50,0,2,1,2023-02,11,11.606315620889639
599,"ME, Kennebec",23011,Kennebec,Maine,2023-02-06,WOAH Non-Poultry,80,0,2,1,2023-02,11,11.606315620889639
600,"ME, Hancock",23009,Hancock,Maine,2023-02-06,WOAH Non-Poultry,70,0,2,1,2023-02,11,11.606315620889639
601,"MD, Worcester",24047,Worcester,Maryland,2025-02-04,Commercial Broiler Production,201600,0,1,1,2025-02,23,16.490522627639685
602,"MI, Alpena",26007,Alpena,Michigan,2025-02-04,WOAH Non-Poultry,8,0,1,1,2025-02,23,16.490522627639685
603,"KS, Harvey",20079,Harvey,Kansas,2025-02-04,WOAH Non-Poultry,50,0,1,1,2025-02,23,16.490522627639685
604,"MO, Mcdonald",29119,Mcdonald,Missouri,2025-01-31,Commercial Broiler Production; Commercial Turkey Meat Bird; Commercial Broiler Breeder; Primary Broiler Breeder Pedigree Farm,162050,0,4,1,2025-01,32,15.775735333562276
605,"MO, Barry",29009,Barry,Missouri,2025-01-31,Commercial Turkey Meat Bird,34000,0,1,1,2025-01,32,15.775735333562276
606,"MD, Montgomery",24031,Montgomery,Maryland,2025-01-31,WOAH Non-Poultry,10,0,1,1,2025-01,32,15.775735333562276
607,"OH, Van Wert",39161,Van Wert,Ohio,2025-01-30,Commercial Turkey Meat Bird,21400,0,1,1,2025-01,32,15.775735333562276
608,"NE, Nance",31125,Nance,Nebraska,2025-01-30,WOAH Non-Poultry,70,0,1,1,2025-01,32,15.775735333562276
609,"CA, San Mateo",6081,San Mateo,California,2025-01-29,WOAH Non-Poultry,4,0,1,1,2025-01,32,15.775735333562276
610,"IN, Jackson",18071,Jackson,Indiana,2025-01-28,Commercial Table Egg Layer,2633900,0,1,1,2025-01,32,15.775735333562276
611,"IN, Shelby",18145,Shelby,Indiana,2025-01-28,WOAH Non-Poultry,60,0,1,1,2025-01,32,15.775735333562276
612,"NC, Sampson",37163,Sampson,North Carolina,2025-01-28,Commercial Turkey Breeder Hens; Commercial Turkey Breeder Replacement Hens,26000,0,2,1,2025-01,32,15.775735333562276
613,"IN, Adams",18001,Adams,Indiana,2025-01-27,Commercial Turkey Meat Bird,19900,0,1,1,2025-01,32,15.775735333562276
614,"NE, Kearney",31099,Kearney,Nebraska,2025-01-27,WOAH Non-Poultry,90,0,1,1,2025-01,32,15.775735333562276
615,"FL, De Soto",12027,De Soto,Florida,2024-01-26,WOAH Non-Poultry,660,0,1,1,2024-01,6,10.646614665401094
616,"AR, Cleveland",5025,Cleveland,Arkansas,2025-01-24,Commercial Broiler Breeder; Commercial Broiler Production,126400,0,2,1,2025-01,32,15.775735333562276
617,"VT, Windsor",50027,Windsor,Vermont,2025-01-24,WOAH Non-Poultry,20,0,1,1,2025-01,32,15.775735333562276
618,"RI, Washington",44009,Washington,Rhode Island,2025-01-24,WOAH Non-Poultry,50,0,1,1,2025-01,32,15.775735333562276
619,"MA, Plymouth",25023,Plymouth,Massachusetts,2025-01-24,WOAH Non-Poultry,30,0,1,1,2025-01,32,15.775735333562276
620,"CA, Yolo",6113,Yolo,California,2025-01-23,WOAH Non-Poultry,6,0,1,1,2025-01,32,15.775735333562276
621,"NH, Belknap",33001,Belknap,New Hampshire,2023-01-23,WOAH Non-Poultry,40,0,1,1,2023-01,6,10.081633737919603
622,"IL, Cook",17031,Cook,Illinois,2025-01-22,WOAH Poultry,500,0,1,1,2025-01,32,15.775735333562276
623,"MD, Dorchester",24019,Dorchester,Maryland,2025-01-22,Commercial Broiler Production,143900,0,1,1,2025-01,32,15.775735333562276
624,"SC, Orangeburg",45075,Orangeburg,South Carolina,2024-01-22,WOAH Non-Poultry,40,0,1,1,2024-01,6,10.646614665401094
625,"GA, Elbert",13105,Elbert,Georgia,2025-01-21,Commercial Broiler Production; Commercial Broiler Breeder,175900,0,2,1,2025-01,32,15.775735333562276
626,"VA, Accomack",51001,Accomack,Virginia,2025-01-21,Commercial Broiler Production,441000,0,1,1,2025-01,32,15.775735333562276
627,"OH, Licking",39089,Licking,Ohio,2023-01-18,WOAH Non-Poultry,30,0,1,1,2023-01,6,10.081633737919603
628,"TX, Lampasas",48281,Lampasas,Texas,2023-01-18,WOAH Poultry,70,0,1,1,2023-01,6,10.081633737919603
629,"SC, Horry",45051,Horry,South Carolina,2024-01-17,WOAH Non-Poultry,190,0,1,1,2024-01,6,10.646614665401094
630,"TN, Greene",47059,Greene,Tennessee,2025-01-16,WOAH Non-Poultry,30,0,1,1,2025-01,32,15.775735333562276
631,"MI, Wayne",26163,Wayne,Michigan,2025-01-16,WOAH Non-Poultry,120,0,1,1,2025-01,32,15.775735333562276
632,"MA, Barnstable",25001,Barnstable,Massachusetts,2024-01-16,WOAH Non-Poultry,150,0,1,1,2024-01,6,10.646614665401094
633,"PR, Culebra",72049,Culebra,Puerto Rico,2025-01-13,WOAH Poultry,380,1,1,1,2025-01,32,15.775735333562276
634,"CA, Tehama",6103,Tehama,California,2023-01-12,WOAH Poultry,23700,0,1,1,2023-01,6,10.081633737919603
635,"MN, Sherburne",27141,Sherburne,Minnesota,2024-01-10,WOAH Non-Poultry,10,0,1,1,2024-01,6,10.646614665401094
636,"TX, Burnet",48053,Burnet,Texas,2025-01-09,WOAH Non-Poultry,10,0,1,1,2025-01,32,15.775735333562276
637,"TX, Brazoria",48039,Brazoria,Texas,2025-01-09,WOAH Non-Poultry,90,0,1,1,2025-01,32,15.775735333562276
638,"GA, Clayton",13063,Clayton,Georgia,2025-01-09,WOAH Non-Poultry,10,0,1,1,2025-01,32,15.775735333562276
639,"MO, Perry",29157,Perry,Missouri,2025-01-08,WOAH Non-Poultry,20,0,1,1,2025-01,32,15.775735333562276
640,"NC, Hyde",37095,Hyde,North Carolina,2025-01-07,Commercial Table Egg Layer,3314900,0,1,1,2025-01,32,15.775735333562276
641,"IA, Clinton",19045,Clinton,Iowa,2025-01-07,WOAH Non-Poultry,40,0,1,1,2025-01,32,15.775735333562276
642,"FL, Palm Beach",12099,Palm Beach,Florida,2025-01-07,WOAH Non-Poultry,4,0,1,1,2025-01,32,15.775735333562276
643,"WI, Washburn",55129,Washburn,Wisconsin,2024-01-05,Commercial Turkey Meat Bird,41000,0,1,1,2024-01,6,10.646614665401094
644,"OR, Josephine",41033,Josephine,Oregon,2023-01-04,WOAH Non-Poultry,30,0,1,1,2023-01,6,10.081633737919603
645,"MO, Johnson",29101,Johnson,Missouri,2023-01-04,WOAH Non-Poultry,30,0,1,1,2023-01,6,10.081633737919603
646,"AR, Sharp",5135,Sharp,Arkansas,2025-01-03,WOAH Non-Poultry,20,0,1,1,2025-01,32,15.775735333562276
647,"WV, Pocahontas",54075,Pocahontas,West Virginia,2025-01-03,WOAH Poultry,9,0,1,1,2025-01,32,15.775735333562276
